province	year	source_id	source_name	source_url	source_edition	table_id	table_title	source_pdf_page	extraction_status	quality_flag	resource_definition	denominator_population	denominator_unit	denominator_source_id	denominator_notes	value_total_health_institution_beds	value_hospital_beds	value_comprehensive_hospital_beds	value_per_10000_population_total_health_institution_beds	value_per_10000_population_hospital_beds	value_per_10000_population_comprehensive_hospital_beds	unit	notes
北京市	2011	nhc_yearbook_2012_full_pdf	China Health Statistical Yearbook 2012	https://www.nhc.gov.cn/mohwsbwstjxxzx/tjtjnj/202605/e2ea85f22ed349e78ab5a776dcced4ea.shtml	2012	3-1-3	2011年各地区医疗卫生机构床位数	80	manual_double_checked_scan_transcription	scan_transcribed_twice_national_total_verified	Comprehensive hospitals are a mutually exclusive hospital category in yearbook table 3-1-3; they are used as a general health-system capacity co-exposure, not as a pure Western-medicine or placebo exposure.	20190000	persons	natcm_2011_extract_a86	Uses the same official NATCM province-year population denominator as the main TCM core-density panel.	94735	87596	56312	46.92174343734522	43.385834571570086	27.891035165923725	beds	Official yearbook PDF page 80; 31 province rows and all three published national totals verified.
天津市	2011	nhc_yearbook_2012_full_pdf	China Health Statistical Yearbook 2012	https://www.nhc.gov.cn/mohwsbwstjxxzx/tjtjnj/202605/e2ea85f22ed349e78ab5a776dcced4ea.shtml	2012	3-1-3	2011年各地区医疗卫生机构床位数	80	manual_double_checked_scan_transcription	scan_transcribed_twice_national_total_verified	Comprehensive hospitals are a mutually exclusive hospital category in yearbook table 3-1-3; they are used as a general health-system capacity co-exposure, not as a pure Western-medicine or placebo exposure.	13550000	persons	natcm_2011_extract_a86	Uses the same official NATCM province-year population denominator as the main TCM core-density panel.	49423	40787	23320	36.474538745387456	30.10110701107011	17.210332103321033	beds	Official yearbook PDF page 80; 31 province rows and all three published national totals verified.
河北省	2011	nhc_yearbook_2012_full_pdf	China Health Statistical Yearbook 2012	https://www.nhc.gov.cn/mohwsbwstjxxzx/tjtjnj/202605/e2ea85f22ed349e78ab5a776dcced4ea.shtml	2012	3-1-3	2011年各地区医疗卫生机构床位数	80	manual_double_checked_scan_transcription	scan_transcribed_twice_national_total_verified	Comprehensive hospitals are a mutually exclusive hospital category in yearbook table 3-1-3; they are used as a general health-system capacity co-exposure, not as a pure Western-medicine or placebo exposure.	72410000	persons	natcm_2011_extract_a86	Uses the same official NATCM province-year population denominator as the main TCM core-density panel.	266479	187504	141006	36.80140864521475	25.8947659163099	19.473277171661373	beds	Official yearbook PDF page 80; 31 province rows and all three published national totals verified.
山西省	2011	nhc_yearbook_2012_full_pdf	China Health Statistical Yearbook 2012	https://www.nhc.gov.cn/mohwsbwstjxxzx/tjtjnj/202605/e2ea85f22ed349e78ab5a776dcced4ea.shtml	2012	3-1-3	2011年各地区医疗卫生机构床位数	80	manual_double_checked_scan_transcription	scan_transcribed_twice_national_total_verified	Comprehensive hospitals are a mutually exclusive hospital category in yearbook table 3-1-3; they are used as a general health-system capacity co-exposure, not as a pure Western-medicine or placebo exposure.	35930000	persons	natcm_2011_extract_a86	Uses the same official NATCM province-year population denominator as the main TCM core-density panel.	157132	110741	77940	43.73281380462009	30.821319231839688	21.69217923740607	beds	Official yearbook PDF page 80; 31 province rows and all three published national totals verified.
内蒙古自治区	2011	nhc_yearbook_2012_full_pdf	China Health Statistical Yearbook 2012	https://www.nhc.gov.cn/mohwsbwstjxxzx/tjtjnj/202605/e2ea85f22ed349e78ab5a776dcced4ea.shtml	2012	3-1-3	2011年各地区医疗卫生机构床位数	80	manual_double_checked_scan_transcription	scan_transcribed_twice_national_total_verified	Comprehensive hospitals are a mutually exclusive hospital category in yearbook table 3-1-3; they are used as a general health-system capacity co-exposure, not as a pure Western-medicine or placebo exposure.	24820000	persons	natcm_2011_extract_a86	Uses the same official NATCM province-year population denominator as the main TCM core-density panel.	100633	72871	54794	40.545124899274775	29.35979049153908	22.076551168412568	beds	Official yearbook PDF page 80; 31 province rows and all three published national totals verified.
辽宁省	2011	nhc_yearbook_2012_full_pdf	China Health Statistical Yearbook 2012	https://www.nhc.gov.cn/mohwsbwstjxxzx/tjtjnj/202605/e2ea85f22ed349e78ab5a776dcced4ea.shtml	2012	3-1-3	2011年各地区医疗卫生机构床位数	80	manual_double_checked_scan_transcription	scan_transcribed_twice_national_total_verified	Comprehensive hospitals are a mutually exclusive hospital category in yearbook table 3-1-3; they are used as a general health-system capacity co-exposure, not as a pure Western-medicine or placebo exposure.	43830000	persons	natcm_2011_extract_a86	Uses the same official NATCM province-year population denominator as the main TCM core-density panel.	215815	171032	119186	49.23910563540954	39.021674652064796	27.192790326260553	beds	Official yearbook PDF page 80; 31 province rows and all three published national totals verified.
吉林省	2011	nhc_yearbook_2012_full_pdf	China Health Statistical Yearbook 2012	https://www.nhc.gov.cn/mohwsbwstjxxzx/tjtjnj/202605/e2ea85f22ed349e78ab5a776dcced4ea.shtml	2012	3-1-3	2011年各地区医疗卫生机构床位数	80	manual_double_checked_scan_transcription	scan_transcribed_twice_national_total_verified	Comprehensive hospitals are a mutually exclusive hospital category in yearbook table 3-1-3; they are used as a general health-system capacity co-exposure, not as a pure Western-medicine or placebo exposure.	27490000	persons	natcm_2011_extract_a86	Uses the same official NATCM province-year population denominator as the main TCM core-density panel.	121240	94636	67509	44.1033102946526	34.42560931247726	24.55765732993816	beds	Official yearbook PDF page 80; 31 province rows and all three published national totals verified.
黑龙江省	2011	nhc_yearbook_2012_full_pdf	China Health Statistical Yearbook 2012	https://www.nhc.gov.cn/mohwsbwstjxxzx/tjtjnj/202605/e2ea85f22ed349e78ab5a776dcced4ea.shtml	2012	3-1-3	2011年各地区医疗卫生机构床位数	80	manual_double_checked_scan_transcription	scan_transcribed_twice_national_total_verified	Comprehensive hospitals are a mutually exclusive hospital category in yearbook table 3-1-3; they are used as a general health-system capacity co-exposure, not as a pure Western-medicine or placebo exposure.	38340000	persons	natcm_2011_extract_a86	Uses the same official NATCM province-year population denominator as the main TCM core-density panel.	165255	129449	95957	43.10250391236307	33.763432446531034	25.02790818988002	beds	Official yearbook PDF page 80; 31 province rows and all three published national totals verified.
上海市	2011	nhc_yearbook_2012_full_pdf	China Health Statistical Yearbook 2012	https://www.nhc.gov.cn/mohwsbwstjxxzx/tjtjnj/202605/e2ea85f22ed349e78ab5a776dcced4ea.shtml	2012	3-1-3	2011年各地区医疗卫生机构床位数	80	manual_double_checked_scan_transcription	scan_transcribed_twice_national_total_verified	Comprehensive hospitals are a mutually exclusive hospital category in yearbook table 3-1-3; they are used as a general health-system capacity co-exposure, not as a pure Western-medicine or placebo exposure.	23470000	persons	natcm_2011_extract_a86	Uses the same official NATCM province-year population denominator as the main TCM core-density panel.	107130	87548	53910	45.64550489987218	37.30208777162335	22.96974861525351	beds	Official yearbook PDF page 80; 31 province rows and all three published national totals verified.
江苏省	2011	nhc_yearbook_2012_full_pdf	China Health Statistical Yearbook 2012	https://www.nhc.gov.cn/mohwsbwstjxxzx/tjtjnj/202605/e2ea85f22ed349e78ab5a776dcced4ea.shtml	2012	3-1-3	2011年各地区医疗卫生机构床位数	80	manual_double_checked_scan_transcription	scan_transcribed_twice_national_total_verified	Comprehensive hospitals are a mutually exclusive hospital category in yearbook table 3-1-3; they are used as a general health-system capacity co-exposure, not as a pure Western-medicine or placebo exposure.	78990000	persons	natcm_2011_extract_a86	Uses the same official NATCM province-year population denominator as the main TCM core-density panel.	296390	221674	149049	37.52247119888594	28.06355234839853	18.86935055070262	beds	Official yearbook PDF page 80; 31 province rows and all three published national totals verified.
浙江省	2011	nhc_yearbook_2012_full_pdf	China Health Statistical Yearbook 2012	https://www.nhc.gov.cn/mohwsbwstjxxzx/tjtjnj/202605/e2ea85f22ed349e78ab5a776dcced4ea.shtml	2012	3-1-3	2011年各地区医疗卫生机构床位数	80	manual_double_checked_scan_transcription	scan_transcribed_twice_national_total_verified	Comprehensive hospitals are a mutually exclusive hospital category in yearbook table 3-1-3; they are used as a general health-system capacity co-exposure, not as a pure Western-medicine or placebo exposure.	54630000	persons	natcm_2011_extract_a86	Uses the same official NATCM province-year population denominator as the main TCM core-density panel.	194759	162905	112954	35.650558301299654	29.819696137653303	20.676185246201722	beds	Official yearbook PDF page 80; 31 province rows and all three published national totals verified.
安徽省	2011	nhc_yearbook_2012_full_pdf	China Health Statistical Yearbook 2012	https://www.nhc.gov.cn/mohwsbwstjxxzx/tjtjnj/202605/e2ea85f22ed349e78ab5a776dcced4ea.shtml	2012	3-1-3	2011年各地区医疗卫生机构床位数	80	manual_double_checked_scan_transcription	scan_transcribed_twice_national_total_verified	Comprehensive hospitals are a mutually exclusive hospital category in yearbook table 3-1-3; they are used as a general health-system capacity co-exposure, not as a pure Western-medicine or placebo exposure.	59680000	persons	natcm_2011_extract_a86	Uses the same official NATCM province-year population denominator as the main TCM core-density panel.	204210	140997	107434	34.217493297587126	23.62550268096515	18.00167560321716	beds	Official yearbook PDF page 80; 31 province rows and all three published national totals verified.
福建省	2011	nhc_yearbook_2012_full_pdf	China Health Statistical Yearbook 2012	https://www.nhc.gov.cn/mohwsbwstjxxzx/tjtjnj/202605/e2ea85f22ed349e78ab5a776dcced4ea.shtml	2012	3-1-3	2011年各地区医疗卫生机构床位数	80	manual_double_checked_scan_transcription	scan_transcribed_twice_national_total_verified	Comprehensive hospitals are a mutually exclusive hospital category in yearbook table 3-1-3; they are used as a general health-system capacity co-exposure, not as a pure Western-medicine or placebo exposure.	37200000	persons	natcm_2011_extract_a86	Uses the same official NATCM province-year population denominator as the main TCM core-density panel.	124232	89947	64603	33.39569892473118	24.179301075268818	17.366397849462366	beds	Official yearbook PDF page 80; 31 province rows and all three published national totals verified.
江西省	2011	nhc_yearbook_2012_full_pdf	China Health Statistical Yearbook 2012	https://www.nhc.gov.cn/mohwsbwstjxxzx/tjtjnj/202605/e2ea85f22ed349e78ab5a776dcced4ea.shtml	2012	3-1-3	2011年各地区医疗卫生机构床位数	80	manual_double_checked_scan_transcription	scan_transcribed_twice_national_total_verified	Comprehensive hospitals are a mutually exclusive hospital category in yearbook table 3-1-3; they are used as a general health-system capacity co-exposure, not as a pure Western-medicine or placebo exposure.	44880000	persons	natcm_2011_extract_a86	Uses the same official NATCM province-year population denominator as the main TCM core-density panel.	135570	87184	62603	30.207219251336898	19.42602495543672	13.94897504456328	beds	Official yearbook PDF page 80; 31 province rows and all three published national totals verified.
山东省	2011	nhc_yearbook_2012_full_pdf	China Health Statistical Yearbook 2012	https://www.nhc.gov.cn/mohwsbwstjxxzx/tjtjnj/202605/e2ea85f22ed349e78ab5a776dcced4ea.shtml	2012	3-1-3	2011年各地区医疗卫生机构床位数	80	manual_double_checked_scan_transcription	scan_transcribed_twice_national_total_verified	Comprehensive hospitals are a mutually exclusive hospital category in yearbook table 3-1-3; they are used as a general health-system capacity co-exposure, not as a pure Western-medicine or placebo exposure.	96370000	persons	natcm_2011_extract_a86	Uses the same official NATCM province-year population denominator as the main TCM core-density panel.	416148	280385	205041	43.18231814880149	29.094635259935664	21.27643457507523	beds	Official yearbook PDF page 80; 31 province rows and all three published national totals verified.
河南省	2011	nhc_yearbook_2012_full_pdf	China Health Statistical Yearbook 2012	https://www.nhc.gov.cn/mohwsbwstjxxzx/tjtjnj/202605/e2ea85f22ed349e78ab5a776dcced4ea.shtml	2012	3-1-3	2011年各地区医疗卫生机构床位数	80	manual_double_checked_scan_transcription	scan_transcribed_twice_national_total_verified	Comprehensive hospitals are a mutually exclusive hospital category in yearbook table 3-1-3; they are used as a general health-system capacity co-exposure, not as a pure Western-medicine or placebo exposure.	93880000	persons	natcm_2011_extract_a86	Uses the same official NATCM province-year population denominator as the main TCM core-density panel.	349612	239793	177661	37.240306774605884	25.542501065189605	18.92426501917341	beds	Official yearbook PDF page 80; 31 province rows and all three published national totals verified.
湖北省	2011	nhc_yearbook_2012_full_pdf	China Health Statistical Yearbook 2012	https://www.nhc.gov.cn/mohwsbwstjxxzx/tjtjnj/202605/e2ea85f22ed349e78ab5a776dcced4ea.shtml	2012	3-1-3	2011年各地区医疗卫生机构床位数	80	manual_double_checked_scan_transcription	scan_transcribed_twice_national_total_verified	Comprehensive hospitals are a mutually exclusive hospital category in yearbook table 3-1-3; they are used as a general health-system capacity co-exposure, not as a pure Western-medicine or placebo exposure.	57580000	persons	natcm_2011_extract_a86	Uses the same official NATCM province-year population denominator as the main TCM core-density panel.	223980	152062	114013	38.89892323723515	26.408822507815213	19.80079888850295	beds	Official yearbook PDF page 80; 31 province rows and all three published national totals verified.
湖南省	2011	nhc_yearbook_2012_full_pdf	China Health Statistical Yearbook 2012	https://www.nhc.gov.cn/mohwsbwstjxxzx/tjtjnj/202605/e2ea85f22ed349e78ab5a776dcced4ea.shtml	2012	3-1-3	2011年各地区医疗卫生机构床位数	80	manual_double_checked_scan_transcription	scan_transcribed_twice_national_total_verified	Comprehensive hospitals are a mutually exclusive hospital category in yearbook table 3-1-3; they are used as a general health-system capacity co-exposure, not as a pure Western-medicine or placebo exposure.	65960000	persons	natcm_2011_extract_a86	Uses the same official NATCM province-year population denominator as the main TCM core-density panel.	257687	168428	113815	39.06716191631292	25.53486961795027	17.25515463917526	beds	Official yearbook PDF page 80; 31 province rows and all three published national totals verified.
广东省	2011	nhc_yearbook_2012_full_pdf	China Health Statistical Yearbook 2012	https://www.nhc.gov.cn/mohwsbwstjxxzx/tjtjnj/202605/e2ea85f22ed349e78ab5a776dcced4ea.shtml	2012	3-1-3	2011年各地区医疗卫生机构床位数	80	manual_double_checked_scan_transcription	scan_transcribed_twice_national_total_verified	Comprehensive hospitals are a mutually exclusive hospital category in yearbook table 3-1-3; they are used as a general health-system capacity co-exposure, not as a pure Western-medicine or placebo exposure.	105050000	persons	natcm_2011_extract_a86	Uses the same official NATCM province-year population denominator as the main TCM core-density panel.	325038	246050	181693	30.941266063779153	23.42217991432651	17.29585911470728	beds	Official yearbook PDF page 80; 31 province rows and all three published national totals verified.
广西壮族自治区	2011	nhc_yearbook_2012_full_pdf	China Health Statistical Yearbook 2012	https://www.nhc.gov.cn/mohwsbwstjxxzx/tjtjnj/202605/e2ea85f22ed349e78ab5a776dcced4ea.shtml	2012	3-1-3	2011年各地区医疗卫生机构床位数	80	manual_double_checked_scan_transcription	scan_transcribed_twice_national_total_verified	Comprehensive hospitals are a mutually exclusive hospital category in yearbook table 3-1-3; they are used as a general health-system capacity co-exposure, not as a pure Western-medicine or placebo exposure.	46450000	persons	natcm_2011_extract_a86	Uses the same official NATCM province-year population denominator as the main TCM core-density panel.	152039	95752	66828	32.731754574811625	20.61399354144241	14.387082884822389	beds	Official yearbook PDF page 80; 31 province rows and all three published national totals verified.
海南省	2011	nhc_yearbook_2012_full_pdf	China Health Statistical Yearbook 2012	https://www.nhc.gov.cn/mohwsbwstjxxzx/tjtjnj/202605/e2ea85f22ed349e78ab5a776dcced4ea.shtml	2012	3-1-3	2011年各地区医疗卫生机构床位数	80	manual_double_checked_scan_transcription	scan_transcribed_twice_national_total_verified	Comprehensive hospitals are a mutually exclusive hospital category in yearbook table 3-1-3; they are used as a general health-system capacity co-exposure, not as a pure Western-medicine or placebo exposure.	8770000	persons	natcm_2011_extract_a86	Uses the same official NATCM province-year population denominator as the main TCM core-density panel.	28465	21367	16845	32.45724059293045	24.363740022805015	19.207525655644243	beds	Official yearbook PDF page 80; 31 province rows and all three published national totals verified.
重庆市	2011	nhc_yearbook_2012_full_pdf	China Health Statistical Yearbook 2012	https://www.nhc.gov.cn/mohwsbwstjxxzx/tjtjnj/202605/e2ea85f22ed349e78ab5a776dcced4ea.shtml	2012	3-1-3	2011年各地区医疗卫生机构床位数	80	manual_double_checked_scan_transcription	scan_transcribed_twice_national_total_verified	Comprehensive hospitals are a mutually exclusive hospital category in yearbook table 3-1-3; they are used as a general health-system capacity co-exposure, not as a pure Western-medicine or placebo exposure.	29190000	persons	natcm_2011_extract_a86	Uses the same official NATCM province-year population denominator as the main TCM core-density panel.	115627	74827	52318	39.6118533744433	25.63446385748544	17.92326139088729	beds	Official yearbook PDF page 80; 31 province rows and all three published national totals verified.
四川省	2011	nhc_yearbook_2012_full_pdf	China Health Statistical Yearbook 2012	https://www.nhc.gov.cn/mohwsbwstjxxzx/tjtjnj/202605/e2ea85f22ed349e78ab5a776dcced4ea.shtml	2012	3-1-3	2011年各地区医疗卫生机构床位数	80	manual_double_checked_scan_transcription	scan_transcribed_twice_national_total_verified	Comprehensive hospitals are a mutually exclusive hospital category in yearbook table 3-1-3; they are used as a general health-system capacity co-exposure, not as a pure Western-medicine or placebo exposure.	80500000	persons	natcm_2011_extract_a86	Uses the same official NATCM province-year population denominator as the main TCM core-density panel.	334663	211524	147052	41.57304347826087	26.276273291925463	18.267329192546583	beds	Official yearbook PDF page 80; 31 province rows and all three published national totals verified.
贵州省	2011	nhc_yearbook_2012_full_pdf	China Health Statistical Yearbook 2012	https://www.nhc.gov.cn/mohwsbwstjxxzx/tjtjnj/202605/e2ea85f22ed349e78ab5a776dcced4ea.shtml	2012	3-1-3	2011年各地区医疗卫生机构床位数	80	manual_double_checked_scan_transcription	scan_transcribed_twice_national_total_verified	Comprehensive hospitals are a mutually exclusive hospital category in yearbook table 3-1-3; they are used as a general health-system capacity co-exposure, not as a pure Western-medicine or placebo exposure.	34690000	persons	natcm_2011_extract_a86	Uses the same official NATCM province-year population denominator as the main TCM core-density panel.	117534	78368	62005	33.881233784952435	22.590948400115305	17.87402709714615	beds	Official yearbook PDF page 80; 31 province rows and all three published national totals verified.
云南省	2011	nhc_yearbook_2012_full_pdf	China Health Statistical Yearbook 2012	https://www.nhc.gov.cn/mohwsbwstjxxzx/tjtjnj/202605/e2ea85f22ed349e78ab5a776dcced4ea.shtml	2012	3-1-3	2011年各地区医疗卫生机构床位数	80	manual_double_checked_scan_transcription	scan_transcribed_twice_national_total_verified	Comprehensive hospitals are a mutually exclusive hospital category in yearbook table 3-1-3; they are used as a general health-system capacity co-exposure, not as a pure Western-medicine or placebo exposure.	46310000	persons	natcm_2011_extract_a86	Uses the same official NATCM province-year population denominator as the main TCM core-density panel.	173434	126318	95776	37.4506586050529	27.276614122219822	20.6814942776938	beds	Official yearbook PDF page 80; 31 province rows and all three published national totals verified.
西藏自治区	2011	nhc_yearbook_2012_full_pdf	China Health Statistical Yearbook 2012	https://www.nhc.gov.cn/mohwsbwstjxxzx/tjtjnj/202605/e2ea85f22ed349e78ab5a776dcced4ea.shtml	2012	3-1-3	2011年各地区医疗卫生机构床位数	80	manual_double_checked_scan_transcription	scan_transcribed_twice_national_total_verified	Comprehensive hospitals are a mutually exclusive hospital category in yearbook table 3-1-3; they are used as a general health-system capacity co-exposure, not as a pure Western-medicine or placebo exposure.	3030000	persons	natcm_2011_extract_a86	Uses the same official NATCM province-year population denominator as the main TCM core-density panel.	9592	6314	5280	31.65676567656766	20.83828382838284	17.425742574257427	beds	Official yearbook PDF page 80; 31 province rows and all three published national totals verified.
陕西省	2011	nhc_yearbook_2012_full_pdf	China Health Statistical Yearbook 2012	https://www.nhc.gov.cn/mohwsbwstjxxzx/tjtjnj/202605/e2ea85f22ed349e78ab5a776dcced4ea.shtml	2012	3-1-3	2011年各地区医疗卫生机构床位数	80	manual_double_checked_scan_transcription	scan_transcribed_twice_national_total_verified	Comprehensive hospitals are a mutually exclusive hospital category in yearbook table 3-1-3; they are used as a general health-system capacity co-exposure, not as a pure Western-medicine or placebo exposure.	37430000	persons	natcm_2011_extract_a86	Uses the same official NATCM province-year population denominator as the main TCM core-density panel.	153847	114339	88081	41.10259150414106	30.547421854127705	23.532193427731766	beds	Official yearbook PDF page 80; 31 province rows and all three published national totals verified.
甘肃省	2011	nhc_yearbook_2012_full_pdf	China Health Statistical Yearbook 2012	https://www.nhc.gov.cn/mohwsbwstjxxzx/tjtjnj/202605/e2ea85f22ed349e78ab5a776dcced4ea.shtml	2012	3-1-3	2011年各地区医疗卫生机构床位数	80	manual_double_checked_scan_transcription	scan_transcribed_twice_national_total_verified	Comprehensive hospitals are a mutually exclusive hospital category in yearbook table 3-1-3; they are used as a general health-system capacity co-exposure, not as a pure Western-medicine or placebo exposure.	25640000	persons	natcm_2011_extract_a86	Uses the same official NATCM province-year population denominator as the main TCM core-density panel.	94907	66661	50719	37.01521060842434	25.998829953198126	19.78120124804992	beds	Official yearbook PDF page 80; 31 province rows and all three published national totals verified.
青海省	2011	nhc_yearbook_2012_full_pdf	China Health Statistical Yearbook 2012	https://www.nhc.gov.cn/mohwsbwstjxxzx/tjtjnj/202605/e2ea85f22ed349e78ab5a776dcced4ea.shtml	2012	3-1-3	2011年各地区医疗卫生机构床位数	80	manual_double_checked_scan_transcription	scan_transcribed_twice_national_total_verified	Comprehensive hospitals are a mutually exclusive hospital category in yearbook table 3-1-3; they are used as a general health-system capacity co-exposure, not as a pure Western-medicine or placebo exposure.	5680000	persons	natcm_2011_extract_a86	Uses the same official NATCM province-year population denominator as the main TCM core-density panel.	23117	18586	14123	40.69894366197183	32.72183098591549	24.86443661971831	beds	Official yearbook PDF page 80; 31 province rows and all three published national totals verified.
宁夏回族自治区	2011	nhc_yearbook_2012_full_pdf	China Health Statistical Yearbook 2012	https://www.nhc.gov.cn/mohwsbwstjxxzx/tjtjnj/202605/e2ea85f22ed349e78ab5a776dcced4ea.shtml	2012	3-1-3	2011年各地区医疗卫生机构床位数	80	manual_double_checked_scan_transcription	scan_transcribed_twice_national_total_verified	Comprehensive hospitals are a mutually exclusive hospital category in yearbook table 3-1-3; they are used as a general health-system capacity co-exposure, not as a pure Western-medicine or placebo exposure.	6390000	persons	natcm_2011_extract_a86	Uses the same official NATCM province-year population denominator as the main TCM core-density panel.	25805	22037	17738	40.38341158059468	34.4866979655712	27.758998435054774	beds	Official yearbook PDF page 80; 31 province rows and all three published national totals verified.
新疆维吾尔自治区	2011	nhc_yearbook_2012_full_pdf	China Health Statistical Yearbook 2012	https://www.nhc.gov.cn/mohwsbwstjxxzx/tjtjnj/202605/e2ea85f22ed349e78ab5a776dcced4ea.shtml	2012	3-1-3	2011年各地区医疗卫生机构床位数	80	manual_double_checked_scan_transcription	scan_transcribed_twice_national_total_verified	Comprehensive hospitals are a mutually exclusive hospital category in yearbook table 3-1-3; they are used as a general health-system capacity co-exposure, not as a pure Western-medicine or placebo exposure.	22090000	persons	natcm_2011_extract_a86	Uses the same official NATCM province-year population denominator as the main TCM core-density panel.	125391	97436	75164	56.7636939791761	44.10864644635581	34.02625622453599	beds	Official yearbook PDF page 80; 31 province rows and all three published national totals verified.
北京市	2013	nhc_yearbook_2014_full_pdf	China Health Statistical Yearbook 2014	https://www.nhc.gov.cn/mohwsbwstjxxzx/c100228/201506/a2f73d0edf1d4e678eb5978af952a60f.shtml	2014	3-1-3	2013年各地区医疗卫生机构床位数	76	manual_double_checked_scan_transcription	scan_transcribed_twice_national_total_verified	Comprehensive hospitals are a mutually exclusive hospital category in yearbook table 3-1-3; they are used as a general health-system capacity co-exposure, not as a pure Western-medicine or placebo exposure.	21150000	persons	natcm_2013_extract_a95	Uses the same official NATCM province-year population denominator as the main TCM core-density panel.	104011	96558	58592	49.17777777777778	45.65390070921986	27.703073286052007	beds	Official yearbook PDF page 76; 31 province rows and all three published national totals verified.
天津市	2013	nhc_yearbook_2014_full_pdf	China Health Statistical Yearbook 2014	https://www.nhc.gov.cn/mohwsbwstjxxzx/c100228/201506/a2f73d0edf1d4e678eb5978af952a60f.shtml	2014	3-1-3	2013年各地区医疗卫生机构床位数	76	manual_double_checked_scan_transcription	scan_transcribed_twice_national_total_verified	Comprehensive hospitals are a mutually exclusive hospital category in yearbook table 3-1-3; they are used as a general health-system capacity co-exposure, not as a pure Western-medicine or placebo exposure.	14720000	persons	natcm_2013_extract_a95	Uses the same official NATCM province-year population denominator as the main TCM core-density panel.	57743	49071	27962	39.22758152173913	33.33627717391305	18.995923913043477	beds	Official yearbook PDF page 76; 31 province rows and all three published national totals verified.
河北省	2013	nhc_yearbook_2014_full_pdf	China Health Statistical Yearbook 2014	https://www.nhc.gov.cn/mohwsbwstjxxzx/c100228/201506/a2f73d0edf1d4e678eb5978af952a60f.shtml	2014	3-1-3	2013年各地区医疗卫生机构床位数	76	manual_double_checked_scan_transcription	scan_transcribed_twice_national_total_verified	Comprehensive hospitals are a mutually exclusive hospital category in yearbook table 3-1-3; they are used as a general health-system capacity co-exposure, not as a pure Western-medicine or placebo exposure.	73330000	persons	natcm_2013_extract_a95	Uses the same official NATCM province-year population denominator as the main TCM core-density panel.	303497	220423	165288	41.38783581071867	30.059048138551752	22.540297286240286	beds	Official yearbook PDF page 76; 31 province rows and all three published national totals verified.
山西省	2013	nhc_yearbook_2014_full_pdf	China Health Statistical Yearbook 2014	https://www.nhc.gov.cn/mohwsbwstjxxzx/c100228/201506/a2f73d0edf1d4e678eb5978af952a60f.shtml	2014	3-1-3	2013年各地区医疗卫生机构床位数	76	manual_double_checked_scan_transcription	scan_transcribed_twice_national_total_verified	Comprehensive hospitals are a mutually exclusive hospital category in yearbook table 3-1-3; they are used as a general health-system capacity co-exposure, not as a pure Western-medicine or placebo exposure.	36300000	persons	natcm_2013_extract_a95	Uses the same official NATCM province-year population denominator as the main TCM core-density panel.	172620	128294	88819	47.55371900826446	35.34269972451791	24.468044077134987	beds	Official yearbook PDF page 76; 31 province rows and all three published national totals verified.
内蒙古自治区	2013	nhc_yearbook_2014_full_pdf	China Health Statistical Yearbook 2014	https://www.nhc.gov.cn/mohwsbwstjxxzx/c100228/201506/a2f73d0edf1d4e678eb5978af952a60f.shtml	2014	3-1-3	2013年各地区医疗卫生机构床位数	76	manual_double_checked_scan_transcription	scan_transcribed_twice_national_total_verified	Comprehensive hospitals are a mutually exclusive hospital category in yearbook table 3-1-3; they are used as a general health-system capacity co-exposure, not as a pure Western-medicine or placebo exposure.	24980000	persons	natcm_2013_extract_a95	Uses the same official NATCM province-year population denominator as the main TCM core-density panel.	120065	91604	66056	48.064451561249	36.670936749399516	26.4435548438751	beds	Official yearbook PDF page 76; 31 province rows and all three published national totals verified.
辽宁省	2013	nhc_yearbook_2014_full_pdf	China Health Statistical Yearbook 2014	https://www.nhc.gov.cn/mohwsbwstjxxzx/c100228/201506/a2f73d0edf1d4e678eb5978af952a60f.shtml	2014	3-1-3	2013年各地区医疗卫生机构床位数	76	manual_double_checked_scan_transcription	scan_transcribed_twice_national_total_verified	Comprehensive hospitals are a mutually exclusive hospital category in yearbook table 3-1-3; they are used as a general health-system capacity co-exposure, not as a pure Western-medicine or placebo exposure.	43900000	persons	natcm_2013_extract_a95	Uses the same official NATCM province-year population denominator as the main TCM core-density panel.	241860	197453	136833	55.09339407744874	44.97790432801822	31.16924829157175	beds	Official yearbook PDF page 76; 31 province rows and all three published national totals verified.
吉林省	2013	nhc_yearbook_2014_full_pdf	China Health Statistical Yearbook 2014	https://www.nhc.gov.cn/mohwsbwstjxxzx/c100228/201506/a2f73d0edf1d4e678eb5978af952a60f.shtml	2014	3-1-3	2013年各地区医疗卫生机构床位数	76	manual_double_checked_scan_transcription	scan_transcribed_twice_national_total_verified	Comprehensive hospitals are a mutually exclusive hospital category in yearbook table 3-1-3; they are used as a general health-system capacity co-exposure, not as a pure Western-medicine or placebo exposure.	27510000	persons	natcm_2013_extract_a95	Uses the same official NATCM province-year population denominator as the main TCM core-density panel.	133245	106342	74739	48.43511450381679	38.655761541257725	27.16793893129771	beds	Official yearbook PDF page 76; 31 province rows and all three published national totals verified.
黑龙江省	2013	nhc_yearbook_2014_full_pdf	China Health Statistical Yearbook 2014	https://www.nhc.gov.cn/mohwsbwstjxxzx/c100228/201506/a2f73d0edf1d4e678eb5978af952a60f.shtml	2014	3-1-3	2013年各地区医疗卫生机构床位数	76	manual_double_checked_scan_transcription	scan_transcribed_twice_national_total_verified	Comprehensive hospitals are a mutually exclusive hospital category in yearbook table 3-1-3; they are used as a general health-system capacity co-exposure, not as a pure Western-medicine or placebo exposure.	38350000	persons	natcm_2013_extract_a95	Uses the same official NATCM province-year population denominator as the main TCM core-density panel.	189183	151349	110755	49.33063885267275	39.46518904823989	28.88005215123859	beds	Official yearbook PDF page 76; 31 province rows and all three published national totals verified.
上海市	2013	nhc_yearbook_2014_full_pdf	China Health Statistical Yearbook 2014	https://www.nhc.gov.cn/mohwsbwstjxxzx/c100228/201506/a2f73d0edf1d4e678eb5978af952a60f.shtml	2014	3-1-3	2013年各地区医疗卫生机构床位数	76	manual_double_checked_scan_transcription	scan_transcribed_twice_national_total_verified	Comprehensive hospitals are a mutually exclusive hospital category in yearbook table 3-1-3; they are used as a general health-system capacity co-exposure, not as a pure Western-medicine or placebo exposure.	24150000	persons	natcm_2013_extract_a95	Uses the same official NATCM province-year population denominator as the main TCM core-density panel.	114314	94722	56935	47.33498964803313	39.22236024844721	23.575569358178054	beds	Official yearbook PDF page 76; 31 province rows and all three published national totals verified.
江苏省	2013	nhc_yearbook_2014_full_pdf	China Health Statistical Yearbook 2014	https://www.nhc.gov.cn/mohwsbwstjxxzx/c100228/201506/a2f73d0edf1d4e678eb5978af952a60f.shtml	2014	3-1-3	2013年各地区医疗卫生机构床位数	76	manual_double_checked_scan_transcription	scan_transcribed_twice_national_total_verified	Comprehensive hospitals are a mutually exclusive hospital category in yearbook table 3-1-3; they are used as a general health-system capacity co-exposure, not as a pure Western-medicine or placebo exposure.	79390000	persons	natcm_2013_extract_a95	Uses the same official NATCM province-year population denominator as the main TCM core-density panel.	368287	286183	189971	46.389595666960574	36.047739009950874	23.928832346643155	beds	Official yearbook PDF page 76; 31 province rows and all three published national totals verified.
浙江省	2013	nhc_yearbook_2014_full_pdf	China Health Statistical Yearbook 2014	https://www.nhc.gov.cn/mohwsbwstjxxzx/c100228/201506/a2f73d0edf1d4e678eb5978af952a60f.shtml	2014	3-1-3	2013年各地区医疗卫生机构床位数	76	manual_double_checked_scan_transcription	scan_transcribed_twice_national_total_verified	Comprehensive hospitals are a mutually exclusive hospital category in yearbook table 3-1-3; they are used as a general health-system capacity co-exposure, not as a pure Western-medicine or placebo exposure.	54980000	persons	natcm_2013_extract_a95	Uses the same official NATCM province-year population denominator as the main TCM core-density panel.	230056	197096	133031	41.84357948344853	35.84867224445253	24.196253182975628	beds	Official yearbook PDF page 76; 31 province rows and all three published national totals verified.
安徽省	2013	nhc_yearbook_2014_full_pdf	China Health Statistical Yearbook 2014	https://www.nhc.gov.cn/mohwsbwstjxxzx/c100228/201506/a2f73d0edf1d4e678eb5978af952a60f.shtml	2014	3-1-3	2013年各地区医疗卫生机构床位数	76	manual_double_checked_scan_transcription	scan_transcribed_twice_national_total_verified	Comprehensive hospitals are a mutually exclusive hospital category in yearbook table 3-1-3; they are used as a general health-system capacity co-exposure, not as a pure Western-medicine or placebo exposure.	60300000	persons	natcm_2013_extract_a95	Uses the same official NATCM province-year population denominator as the main TCM core-density panel.	235959	171508	125039	39.13084577114428	28.4424543946932	20.73615257048093	beds	Official yearbook PDF page 76; 31 province rows and all three published national totals verified.
福建省	2013	nhc_yearbook_2014_full_pdf	China Health Statistical Yearbook 2014	https://www.nhc.gov.cn/mohwsbwstjxxzx/c100228/201506/a2f73d0edf1d4e678eb5978af952a60f.shtml	2014	3-1-3	2013年各地区医疗卫生机构床位数	76	manual_double_checked_scan_transcription	scan_transcribed_twice_national_total_verified	Comprehensive hospitals are a mutually exclusive hospital category in yearbook table 3-1-3; they are used as a general health-system capacity co-exposure, not as a pure Western-medicine or placebo exposure.	37740000	persons	natcm_2013_extract_a95	Uses the same official NATCM province-year population denominator as the main TCM core-density panel.	156149	114849	82059	41.3749337572867	30.43163751987281	21.743243243243246	beds	Official yearbook PDF page 76; 31 province rows and all three published national totals verified.
江西省	2013	nhc_yearbook_2014_full_pdf	China Health Statistical Yearbook 2014	https://www.nhc.gov.cn/mohwsbwstjxxzx/c100228/201506/a2f73d0edf1d4e678eb5978af952a60f.shtml	2014	3-1-3	2013年各地区医疗卫生机构床位数	76	manual_double_checked_scan_transcription	scan_transcribed_twice_national_total_verified	Comprehensive hospitals are a mutually exclusive hospital category in yearbook table 3-1-3; they are used as a general health-system capacity co-exposure, not as a pure Western-medicine or placebo exposure.	45220000	persons	natcm_2013_extract_a95	Uses the same official NATCM province-year population denominator as the main TCM core-density panel.	174299	114782	81126	38.54467049977886	25.383016364440515	17.94029190623618	beds	Official yearbook PDF page 76; 31 province rows and all three published national totals verified.
山东省	2013	nhc_yearbook_2014_full_pdf	China Health Statistical Yearbook 2014	https://www.nhc.gov.cn/mohwsbwstjxxzx/c100228/201506/a2f73d0edf1d4e678eb5978af952a60f.shtml	2014	3-1-3	2013年各地区医疗卫生机构床位数	76	manual_double_checked_scan_transcription	scan_transcribed_twice_national_total_verified	Comprehensive hospitals are a mutually exclusive hospital category in yearbook table 3-1-3; they are used as a general health-system capacity co-exposure, not as a pure Western-medicine or placebo exposure.	97330000	persons	natcm_2013_extract_a95	Uses the same official NATCM province-year population denominator as the main TCM core-density panel.	489737	342104	247855	50.31716839617795	35.14887496147128	25.465426898181445	beds	Official yearbook PDF page 76; 31 province rows and all three published national totals verified.
河南省	2013	nhc_yearbook_2014_full_pdf	China Health Statistical Yearbook 2014	https://www.nhc.gov.cn/mohwsbwstjxxzx/c100228/201506/a2f73d0edf1d4e678eb5978af952a60f.shtml	2014	3-1-3	2013年各地区医疗卫生机构床位数	76	manual_double_checked_scan_transcription	scan_transcribed_twice_national_total_verified	Comprehensive hospitals are a mutually exclusive hospital category in yearbook table 3-1-3; they are used as a general health-system capacity co-exposure, not as a pure Western-medicine or placebo exposure.	94130000	persons	natcm_2013_extract_a95	Uses the same official NATCM province-year population denominator as the main TCM core-density panel.	429810	306546	223791	45.661319451821946	32.56623818123872	23.77467332412621	beds	Official yearbook PDF page 76; 31 province rows and all three published national totals verified.
湖北省	2013	nhc_yearbook_2014_full_pdf	China Health Statistical Yearbook 2014	https://www.nhc.gov.cn/mohwsbwstjxxzx/c100228/201506/a2f73d0edf1d4e678eb5978af952a60f.shtml	2014	3-1-3	2013年各地区医疗卫生机构床位数	76	manual_double_checked_scan_transcription	scan_transcribed_twice_national_total_verified	Comprehensive hospitals are a mutually exclusive hospital category in yearbook table 3-1-3; they are used as a general health-system capacity co-exposure, not as a pure Western-medicine or placebo exposure.	57990000	persons	natcm_2013_extract_a95	Uses the same official NATCM province-year population denominator as the main TCM core-density panel.	288169	200220	148478	49.692878082428	34.5266425245732	25.604069667183996	beds	Official yearbook PDF page 76; 31 province rows and all three published national totals verified.
湖南省	2013	nhc_yearbook_2014_full_pdf	China Health Statistical Yearbook 2014	https://www.nhc.gov.cn/mohwsbwstjxxzx/c100228/201506/a2f73d0edf1d4e678eb5978af952a60f.shtml	2014	3-1-3	2013年各地区医疗卫生机构床位数	76	manual_double_checked_scan_transcription	scan_transcribed_twice_national_total_verified	Comprehensive hospitals are a mutually exclusive hospital category in yearbook table 3-1-3; they are used as a general health-system capacity co-exposure, not as a pure Western-medicine or placebo exposure.	66910000	persons	natcm_2013_extract_a95	Uses the same official NATCM province-year population denominator as the main TCM core-density panel.	314090	215039	144331	46.94216111194142	32.13854431325662	21.57091615603049	beds	Official yearbook PDF page 76; 31 province rows and all three published national totals verified.
广东省	2013	nhc_yearbook_2014_full_pdf	China Health Statistical Yearbook 2014	https://www.nhc.gov.cn/mohwsbwstjxxzx/c100228/201506/a2f73d0edf1d4e678eb5978af952a60f.shtml	2014	3-1-3	2013年各地区医疗卫生机构床位数	76	manual_double_checked_scan_transcription	scan_transcribed_twice_national_total_verified	Comprehensive hospitals are a mutually exclusive hospital category in yearbook table 3-1-3; they are used as a general health-system capacity co-exposure, not as a pure Western-medicine or placebo exposure.	106440000	persons	natcm_2013_extract_a95	Uses the same official NATCM province-year population denominator as the main TCM core-density panel.	378367	294219	218272	35.547444569710635	27.641770011273955	20.506576475009396	beds	Official yearbook PDF page 76; 31 province rows and all three published national totals verified.
广西壮族自治区	2013	nhc_yearbook_2014_full_pdf	China Health Statistical Yearbook 2014	https://www.nhc.gov.cn/mohwsbwstjxxzx/c100228/201506/a2f73d0edf1d4e678eb5978af952a60f.shtml	2014	3-1-3	2013年各地区医疗卫生机构床位数	76	manual_double_checked_scan_transcription	scan_transcribed_twice_national_total_verified	Comprehensive hospitals are a mutually exclusive hospital category in yearbook table 3-1-3; they are used as a general health-system capacity co-exposure, not as a pure Western-medicine or placebo exposure.	47190000	persons	natcm_2013_extract_a95	Uses the same official NATCM province-year population denominator as the main TCM core-density panel.	187216	118475	83413	39.6728120364484	25.105954651409196	17.675990675990676	beds	Official yearbook PDF page 76; 31 province rows and all three published national totals verified.
海南省	2013	nhc_yearbook_2014_full_pdf	China Health Statistical Yearbook 2014	https://www.nhc.gov.cn/mohwsbwstjxxzx/c100228/201506/a2f73d0edf1d4e678eb5978af952a60f.shtml	2014	3-1-3	2013年各地区医疗卫生机构床位数	76	manual_double_checked_scan_transcription	scan_transcribed_twice_national_total_verified	Comprehensive hospitals are a mutually exclusive hospital category in yearbook table 3-1-3; they are used as a general health-system capacity co-exposure, not as a pure Western-medicine or placebo exposure.	8950000	persons	natcm_2013_extract_a95	Uses the same official NATCM province-year population denominator as the main TCM core-density panel.	32100	24555	19347	35.865921787709496	27.43575418994413	21.616759776536313	beds	Official yearbook PDF page 76; 31 province rows and all three published national totals verified.
重庆市	2013	nhc_yearbook_2014_full_pdf	China Health Statistical Yearbook 2014	https://www.nhc.gov.cn/mohwsbwstjxxzx/c100228/201506/a2f73d0edf1d4e678eb5978af952a60f.shtml	2014	3-1-3	2013年各地区医疗卫生机构床位数	76	manual_double_checked_scan_transcription	scan_transcribed_twice_national_total_verified	Comprehensive hospitals are a mutually exclusive hospital category in yearbook table 3-1-3; they are used as a general health-system capacity co-exposure, not as a pure Western-medicine or placebo exposure.	29700000	persons	natcm_2013_extract_a95	Uses the same official NATCM province-year population denominator as the main TCM core-density panel.	147436	99056	67849	49.64175084175084	33.35218855218855	22.844781144781145	beds	Official yearbook PDF page 76; 31 province rows and all three published national totals verified.
四川省	2013	nhc_yearbook_2014_full_pdf	China Health Statistical Yearbook 2014	https://www.nhc.gov.cn/mohwsbwstjxxzx/c100228/201506/a2f73d0edf1d4e678eb5978af952a60f.shtml	2014	3-1-3	2013年各地区医疗卫生机构床位数	76	manual_double_checked_scan_transcription	scan_transcribed_twice_national_total_verified	Comprehensive hospitals are a mutually exclusive hospital category in yearbook table 3-1-3; they are used as a general health-system capacity co-exposure, not as a pure Western-medicine or placebo exposure.	81070000	persons	natcm_2013_extract_a95	Uses the same official NATCM province-year population denominator as the main TCM core-density panel.	426635	289242	198894	52.62550881953867	35.6780560009868	24.533612927100037	beds	Official yearbook PDF page 76; 31 province rows and all three published national totals verified.
贵州省	2013	nhc_yearbook_2014_full_pdf	China Health Statistical Yearbook 2014	https://www.nhc.gov.cn/mohwsbwstjxxzx/c100228/201506/a2f73d0edf1d4e678eb5978af952a60f.shtml	2014	3-1-3	2013年各地区医疗卫生机构床位数	76	manual_double_checked_scan_transcription	scan_transcribed_twice_national_total_verified	Comprehensive hospitals are a mutually exclusive hospital category in yearbook table 3-1-3; they are used as a general health-system capacity co-exposure, not as a pure Western-medicine or placebo exposure.	35020000	persons	natcm_2013_extract_a95	Uses the same official NATCM province-year population denominator as the main TCM core-density panel.	166724	120418	92362	47.608223872073104	34.385494003426615	26.37407195888064	beds	Official yearbook PDF page 76; 31 province rows and all three published national totals verified.
云南省	2013	nhc_yearbook_2014_full_pdf	China Health Statistical Yearbook 2014	https://www.nhc.gov.cn/mohwsbwstjxxzx/c100228/201506/a2f73d0edf1d4e678eb5978af952a60f.shtml	2014	3-1-3	2013年各地区医疗卫生机构床位数	76	manual_double_checked_scan_transcription	scan_transcribed_twice_national_total_verified	Comprehensive hospitals are a mutually exclusive hospital category in yearbook table 3-1-3; they are used as a general health-system capacity co-exposure, not as a pure Western-medicine or placebo exposure.	46870000	persons	natcm_2013_extract_a95	Uses the same official NATCM province-year population denominator as the main TCM core-density panel.	210125	156074	115475	44.83144868786004	33.29933859611692	24.63729464476211	beds	Official yearbook PDF page 76; 31 province rows and all three published national totals verified.
西藏自治区	2013	nhc_yearbook_2014_full_pdf	China Health Statistical Yearbook 2014	https://www.nhc.gov.cn/mohwsbwstjxxzx/c100228/201506/a2f73d0edf1d4e678eb5978af952a60f.shtml	2014	3-1-3	2013年各地区医疗卫生机构床位数	76	manual_double_checked_scan_transcription	scan_transcribed_twice_national_total_verified	Comprehensive hospitals are a mutually exclusive hospital category in yearbook table 3-1-3; they are used as a general health-system capacity co-exposure, not as a pure Western-medicine or placebo exposure.	3120000	persons	natcm_2013_extract_a95	Uses the same official NATCM province-year population denominator as the main TCM core-density panel.	11003	7262	6004	35.26602564102564	23.275641025641026	19.243589743589745	beds	Official yearbook PDF page 76; 31 province rows and all three published national totals verified.
陕西省	2013	nhc_yearbook_2014_full_pdf	China Health Statistical Yearbook 2014	https://www.nhc.gov.cn/mohwsbwstjxxzx/c100228/201506/a2f73d0edf1d4e678eb5978af952a60f.shtml	2014	3-1-3	2013年各地区医疗卫生机构床位数	76	manual_double_checked_scan_transcription	scan_transcribed_twice_national_total_verified	Comprehensive hospitals are a mutually exclusive hospital category in yearbook table 3-1-3; they are used as a general health-system capacity co-exposure, not as a pure Western-medicine or placebo exposure.	37640000	persons	natcm_2013_extract_a95	Uses the same official NATCM province-year population denominator as the main TCM core-density panel.	185139	142093	108337	49.186769394261425	37.750531349628055	28.78241232731137	beds	Official yearbook PDF page 76; 31 province rows and all three published national totals verified.
甘肃省	2013	nhc_yearbook_2014_full_pdf	China Health Statistical Yearbook 2014	https://www.nhc.gov.cn/mohwsbwstjxxzx/c100228/201506/a2f73d0edf1d4e678eb5978af952a60f.shtml	2014	3-1-3	2013年各地区医疗卫生机构床位数	76	manual_double_checked_scan_transcription	scan_transcribed_twice_national_total_verified	Comprehensive hospitals are a mutually exclusive hospital category in yearbook table 3-1-3; they are used as a general health-system capacity co-exposure, not as a pure Western-medicine or placebo exposure.	25820000	persons	natcm_2013_extract_a95	Uses the same official NATCM province-year population denominator as the main TCM core-density panel.	116064	84511	62070	44.951200619674665	32.73082881487219	24.039504260263364	beds	Official yearbook PDF page 76; 31 province rows and all three published national totals verified.
青海省	2013	nhc_yearbook_2014_full_pdf	China Health Statistical Yearbook 2014	https://www.nhc.gov.cn/mohwsbwstjxxzx/c100228/201506/a2f73d0edf1d4e678eb5978af952a60f.shtml	2014	3-1-3	2013年各地区医疗卫生机构床位数	76	manual_double_checked_scan_transcription	scan_transcribed_twice_national_total_verified	Comprehensive hospitals are a mutually exclusive hospital category in yearbook table 3-1-3; they are used as a general health-system capacity co-exposure, not as a pure Western-medicine or placebo exposure.	5780000	persons	natcm_2013_extract_a95	Uses the same official NATCM province-year population denominator as the main TCM core-density panel.	29529	23580	17069	51.088235294117645	40.79584775086505	29.53114186851211	beds	Official yearbook PDF page 76; 31 province rows and all three published national totals verified.
宁夏回族自治区	2013	nhc_yearbook_2014_full_pdf	China Health Statistical Yearbook 2014	https://www.nhc.gov.cn/mohwsbwstjxxzx/c100228/201506/a2f73d0edf1d4e678eb5978af952a60f.shtml	2014	3-1-3	2013年各地区医疗卫生机构床位数	76	manual_double_checked_scan_transcription	scan_transcribed_twice_national_total_verified	Comprehensive hospitals are a mutually exclusive hospital category in yearbook table 3-1-3; they are used as a general health-system capacity co-exposure, not as a pure Western-medicine or placebo exposure.	6540000	persons	natcm_2013_extract_a95	Uses the same official NATCM province-year population denominator as the main TCM core-density panel.	31134	27076	21265	47.60550458715596	41.40061162079511	32.51529051987768	beds	Official yearbook PDF page 76; 31 province rows and all three published national totals verified.
新疆维吾尔自治区	2013	nhc_yearbook_2014_full_pdf	China Health Statistical Yearbook 2014	https://www.nhc.gov.cn/mohwsbwstjxxzx/c100228/201506/a2f73d0edf1d4e678eb5978af952a60f.shtml	2014	3-1-3	2013年各地区医疗卫生机构床位数	76	manual_double_checked_scan_transcription	scan_transcribed_twice_national_total_verified	Comprehensive hospitals are a mutually exclusive hospital category in yearbook table 3-1-3; they are used as a general health-system capacity co-exposure, not as a pure Western-medicine or placebo exposure.	22640000	persons	natcm_2013_extract_a95	Uses the same official NATCM province-year population denominator as the main TCM core-density panel.	137325	107897	83136	60.65591872791519	47.65768551236749	36.7208480565371	beds	Official yearbook PDF page 76; 31 province rows and all three published national totals verified.
北京市	2015	nhc_yearbook_2016_pdf_archived	China Health Statistical Yearbook 2016	https://www.nhc.gov.cn/mohwsbwstjxxzx/tjtjnj/201706/05a4a714a05e44b59a86ff271675c653.shtml	2016	3-1-3	2015年各地区医疗卫生机构床位数	76	official_pdf_text_layer_parsed	official_pdf_text_parsed_national_total_verified	Comprehensive hospitals are a mutually exclusive hospital category in yearbook table 3-1-3; they are used as a general health-system capacity co-exposure, not as a pure Western-medicine or placebo exposure.	21710000	persons	natcm_2015_extract_a95	Uses the same official NATCM province-year population denominator as the main TCM core-density panel.	111555	104644	62005	51.3841547673883	48.20082911100875	28.560571165361583	beds	Official yearbook PDF page 76; 31 province rows and all three published national totals verified.
天津市	2015	nhc_yearbook_2016_pdf_archived	China Health Statistical Yearbook 2016	https://www.nhc.gov.cn/mohwsbwstjxxzx/tjtjnj/201706/05a4a714a05e44b59a86ff271675c653.shtml	2016	3-1-3	2015年各地区医疗卫生机构床位数	76	official_pdf_text_layer_parsed	official_pdf_text_parsed_national_total_verified	Comprehensive hospitals are a mutually exclusive hospital category in yearbook table 3-1-3; they are used as a general health-system capacity co-exposure, not as a pure Western-medicine or placebo exposure.	15470000	persons	natcm_2015_extract_a95	Uses the same official NATCM province-year population denominator as the main TCM core-density panel.	63693	55556	32010	41.17194570135747	35.91208791208791	20.691661279896575	beds	Official yearbook PDF page 76; 31 province rows and all three published national totals verified.
河北省	2015	nhc_yearbook_2016_pdf_archived	China Health Statistical Yearbook 2016	https://www.nhc.gov.cn/mohwsbwstjxxzx/tjtjnj/201706/05a4a714a05e44b59a86ff271675c653.shtml	2016	3-1-3	2015年各地区医疗卫生机构床位数	76	official_pdf_text_layer_parsed	official_pdf_text_parsed_national_total_verified	Comprehensive hospitals are a mutually exclusive hospital category in yearbook table 3-1-3; they are used as a general health-system capacity co-exposure, not as a pure Western-medicine or placebo exposure.	74520000	persons	natcm_2015_extract_a95	Uses the same official NATCM province-year population denominator as the main TCM core-density panel.	342096	253825	189257	45.90660225442834	34.06132581857219	25.39680622651637	beds	Official yearbook PDF page 76; 31 province rows and all three published national totals verified.
山西省	2015	nhc_yearbook_2016_pdf_archived	China Health Statistical Yearbook 2016	https://www.nhc.gov.cn/mohwsbwstjxxzx/tjtjnj/201706/05a4a714a05e44b59a86ff271675c653.shtml	2016	3-1-3	2015年各地区医疗卫生机构床位数	76	official_pdf_text_layer_parsed	official_pdf_text_parsed_national_total_verified	Comprehensive hospitals are a mutually exclusive hospital category in yearbook table 3-1-3; they are used as a general health-system capacity co-exposure, not as a pure Western-medicine or placebo exposure.	36640000	persons	natcm_2015_extract_a95	Uses the same official NATCM province-year population denominator as the main TCM core-density panel.	183209	140257	96353	50.002456331877724	38.279748908296945	26.297216157205238	beds	Official yearbook PDF page 76; 31 province rows and all three published national totals verified.
内蒙古自治区	2015	nhc_yearbook_2016_pdf_archived	China Health Statistical Yearbook 2016	https://www.nhc.gov.cn/mohwsbwstjxxzx/tjtjnj/201706/05a4a714a05e44b59a86ff271675c653.shtml	2016	3-1-3	2015年各地区医疗卫生机构床位数	76	official_pdf_text_layer_parsed	official_pdf_text_parsed_national_total_verified	Comprehensive hospitals are a mutually exclusive hospital category in yearbook table 3-1-3; they are used as a general health-system capacity co-exposure, not as a pure Western-medicine or placebo exposure.	25110000	persons	natcm_2015_extract_a95	Uses the same official NATCM province-year population denominator as the main TCM core-density panel.	133889	105185	72155	53.320987654320994	41.88968538430905	28.735563520509757	beds	Official yearbook PDF page 76; 31 province rows and all three published national totals verified.
辽宁省	2015	nhc_yearbook_2016_pdf_archived	China Health Statistical Yearbook 2016	https://www.nhc.gov.cn/mohwsbwstjxxzx/tjtjnj/201706/05a4a714a05e44b59a86ff271675c653.shtml	2016	3-1-3	2015年各地区医疗卫生机构床位数	76	official_pdf_text_layer_parsed	official_pdf_text_parsed_national_total_verified	Comprehensive hospitals are a mutually exclusive hospital category in yearbook table 3-1-3; they are used as a general health-system capacity co-exposure, not as a pure Western-medicine or placebo exposure.	43820000	persons	natcm_2015_extract_a95	Uses the same official NATCM province-year population denominator as the main TCM core-density panel.	266986	222644	152746	60.92788680967595	50.80876312186216	34.85759926973984	beds	Official yearbook PDF page 76; 31 province rows and all three published national totals verified.
吉林省	2015	nhc_yearbook_2016_pdf_archived	China Health Statistical Yearbook 2016	https://www.nhc.gov.cn/mohwsbwstjxxzx/tjtjnj/201706/05a4a714a05e44b59a86ff271675c653.shtml	2016	3-1-3	2015年各地区医疗卫生机构床位数	76	official_pdf_text_layer_parsed	official_pdf_text_parsed_national_total_verified	Comprehensive hospitals are a mutually exclusive hospital category in yearbook table 3-1-3; they are used as a general health-system capacity co-exposure, not as a pure Western-medicine or placebo exposure.	27530000	persons	natcm_2015_extract_a95	Uses the same official NATCM province-year population denominator as the main TCM core-density panel.	144500	117699	80633	52.48819469669452	42.75299673083909	29.289139120958954	beds	Official yearbook PDF page 76; 31 province rows and all three published national totals verified.
黑龙江省	2015	nhc_yearbook_2016_pdf_archived	China Health Statistical Yearbook 2016	https://www.nhc.gov.cn/mohwsbwstjxxzx/tjtjnj/201706/05a4a714a05e44b59a86ff271675c653.shtml	2016	3-1-3	2015年各地区医疗卫生机构床位数	76	official_pdf_text_layer_parsed	official_pdf_text_parsed_national_total_verified	Comprehensive hospitals are a mutually exclusive hospital category in yearbook table 3-1-3; they are used as a general health-system capacity co-exposure, not as a pure Western-medicine or placebo exposure.	38120000	persons	natcm_2015_extract_a95	Uses the same official NATCM province-year population denominator as the main TCM core-density panel.	212590	173642	122806	55.768625393494226	45.551416579223506	32.215634837355715	beds	Official yearbook PDF page 76; 31 province rows and all three published national totals verified.
上海市	2015	nhc_yearbook_2016_pdf_archived	China Health Statistical Yearbook 2016	https://www.nhc.gov.cn/mohwsbwstjxxzx/tjtjnj/201706/05a4a714a05e44b59a86ff271675c653.shtml	2016	3-1-3	2015年各地区医疗卫生机构床位数	76	official_pdf_text_layer_parsed	official_pdf_text_parsed_national_total_verified	Comprehensive hospitals are a mutually exclusive hospital category in yearbook table 3-1-3; they are used as a general health-system capacity co-exposure, not as a pure Western-medicine or placebo exposure.	24150000	persons	natcm_2015_extract_a95	Uses the same official NATCM province-year population denominator as the main TCM core-density panel.	122813	103526	60838	50.85424430641822	42.86790890269151	25.191718426501033	beds	Official yearbook PDF page 76; 31 province rows and all three published national totals verified.
江苏省	2015	nhc_yearbook_2016_pdf_archived	China Health Statistical Yearbook 2016	https://www.nhc.gov.cn/mohwsbwstjxxzx/tjtjnj/201706/05a4a714a05e44b59a86ff271675c653.shtml	2016	3-1-3	2015年各地区医疗卫生机构床位数	76	official_pdf_text_layer_parsed	official_pdf_text_parsed_national_total_verified	Comprehensive hospitals are a mutually exclusive hospital category in yearbook table 3-1-3; they are used as a general health-system capacity co-exposure, not as a pure Western-medicine or placebo exposure.	79760000	persons	natcm_2015_extract_a95	Uses the same official NATCM province-year population denominator as the main TCM core-density panel.	413612	328500	211493	51.85707121364092	41.186058174523566	26.516173520561686	beds	Official yearbook PDF page 76; 31 province rows and all three published national totals verified.
浙江省	2015	nhc_yearbook_2016_pdf_archived	China Health Statistical Yearbook 2016	https://www.nhc.gov.cn/mohwsbwstjxxzx/tjtjnj/201706/05a4a714a05e44b59a86ff271675c653.shtml	2016	3-1-3	2015年各地区医疗卫生机构床位数	76	official_pdf_text_layer_parsed	official_pdf_text_parsed_national_total_verified	Comprehensive hospitals are a mutually exclusive hospital category in yearbook table 3-1-3; they are used as a general health-system capacity co-exposure, not as a pure Western-medicine or placebo exposure.	55390000	persons	natcm_2015_extract_a95	Uses the same official NATCM province-year population denominator as the main TCM core-density panel.	272509	239444	154391	49.19823072756816	43.22874165011735	27.87344285972197	beds	Official yearbook PDF page 76; 31 province rows and all three published national totals verified.
安徽省	2015	nhc_yearbook_2016_pdf_archived	China Health Statistical Yearbook 2016	https://www.nhc.gov.cn/mohwsbwstjxxzx/tjtjnj/201706/05a4a714a05e44b59a86ff271675c653.shtml	2016	3-1-3	2015年各地区医疗卫生机构床位数	76	official_pdf_text_layer_parsed	official_pdf_text_parsed_national_total_verified	Comprehensive hospitals are a mutually exclusive hospital category in yearbook table 3-1-3; they are used as a general health-system capacity co-exposure, not as a pure Western-medicine or placebo exposure.	61440000	persons	natcm_2015_extract_a95	Uses the same official NATCM province-year population denominator as the main TCM core-density panel.	267405	202713	144244	43.52294921875001	32.99365234375	23.477213541666664	beds	Official yearbook PDF page 76; 31 province rows and all three published national totals verified.
福建省	2015	nhc_yearbook_2016_pdf_archived	China Health Statistical Yearbook 2016	https://www.nhc.gov.cn/mohwsbwstjxxzx/tjtjnj/201706/05a4a714a05e44b59a86ff271675c653.shtml	2016	3-1-3	2015年各地区医疗卫生机构床位数	76	official_pdf_text_layer_parsed	official_pdf_text_parsed_national_total_verified	Comprehensive hospitals are a mutually exclusive hospital category in yearbook table 3-1-3; they are used as a general health-system capacity co-exposure, not as a pure Western-medicine or placebo exposure.	38390000	persons	natcm_2015_extract_a95	Uses the same official NATCM province-year population denominator as the main TCM core-density panel.	173007	129559	90924	45.06564209429539	33.7481114873665	23.684292784579316	beds	Official yearbook PDF page 76; 31 province rows and all three published national totals verified.
江西省	2015	nhc_yearbook_2016_pdf_archived	China Health Statistical Yearbook 2016	https://www.nhc.gov.cn/mohwsbwstjxxzx/tjtjnj/201706/05a4a714a05e44b59a86ff271675c653.shtml	2016	3-1-3	2015年各地区医疗卫生机构床位数	76	official_pdf_text_layer_parsed	official_pdf_text_parsed_national_total_verified	Comprehensive hospitals are a mutually exclusive hospital category in yearbook table 3-1-3; they are used as a general health-system capacity co-exposure, not as a pure Western-medicine or placebo exposure.	45660000	persons	natcm_2015_extract_a95	Uses the same official NATCM province-year population denominator as the main TCM core-density panel.	197837	134277	94493	43.32829610162067	29.40801576872536	20.694918966272446	beds	Official yearbook PDF page 76; 31 province rows and all three published national totals verified.
山东省	2015	nhc_yearbook_2016_pdf_archived	China Health Statistical Yearbook 2016	https://www.nhc.gov.cn/mohwsbwstjxxzx/tjtjnj/201706/05a4a714a05e44b59a86ff271675c653.shtml	2016	3-1-3	2015年各地区医疗卫生机构床位数	76	official_pdf_text_layer_parsed	official_pdf_text_parsed_national_total_verified	Comprehensive hospitals are a mutually exclusive hospital category in yearbook table 3-1-3; they are used as a general health-system capacity co-exposure, not as a pure Western-medicine or placebo exposure.	98470000	persons	natcm_2015_extract_a95	Uses the same official NATCM province-year population denominator as the main TCM core-density panel.	519369	378884	270657	52.74388138519346	38.47709962425104	27.48623946379608	beds	Official yearbook PDF page 76; 31 province rows and all three published national totals verified.
河南省	2015	nhc_yearbook_2016_pdf_archived	China Health Statistical Yearbook 2016	https://www.nhc.gov.cn/mohwsbwstjxxzx/tjtjnj/201706/05a4a714a05e44b59a86ff271675c653.shtml	2016	3-1-3	2015年各地区医疗卫生机构床位数	76	official_pdf_text_layer_parsed	official_pdf_text_parsed_national_total_verified	Comprehensive hospitals are a mutually exclusive hospital category in yearbook table 3-1-3; they are used as a general health-system capacity co-exposure, not as a pure Western-medicine or placebo exposure.	94800000	persons	natcm_2015_extract_a95	Uses the same official NATCM province-year population denominator as the main TCM core-density panel.	489621	358341	259981	51.64778481012659	37.7996835443038	27.424156118143458	beds	Official yearbook PDF page 76; 31 province rows and all three published national totals verified.
湖北省	2015	nhc_yearbook_2016_pdf_archived	China Health Statistical Yearbook 2016	https://www.nhc.gov.cn/mohwsbwstjxxzx/tjtjnj/201706/05a4a714a05e44b59a86ff271675c653.shtml	2016	3-1-3	2015年各地区医疗卫生机构床位数	76	official_pdf_text_layer_parsed	official_pdf_text_parsed_national_total_verified	Comprehensive hospitals are a mutually exclusive hospital category in yearbook table 3-1-3; they are used as a general health-system capacity co-exposure, not as a pure Western-medicine or placebo exposure.	58520000	persons	natcm_2015_extract_a95	Uses the same official NATCM province-year population denominator as the main TCM core-density panel.	343147	243481	176248	58.63755980861244	41.606459330143544	30.117566643882434	beds	Official yearbook PDF page 76; 31 province rows and all three published national totals verified.
湖南省	2015	nhc_yearbook_2016_pdf_archived	China Health Statistical Yearbook 2016	https://www.nhc.gov.cn/mohwsbwstjxxzx/tjtjnj/201706/05a4a714a05e44b59a86ff271675c653.shtml	2016	3-1-3	2015年各地区医疗卫生机构床位数	76	official_pdf_text_layer_parsed	official_pdf_text_parsed_national_total_verified	Comprehensive hospitals are a mutually exclusive hospital category in yearbook table 3-1-3; they are used as a general health-system capacity co-exposure, not as a pure Western-medicine or placebo exposure.	67830000	persons	natcm_2015_extract_a95	Uses the same official NATCM province-year population denominator as the main TCM core-density panel.	396950	275881	183952	58.521303258145366	40.67241633495504	27.11956361491965	beds	Official yearbook PDF page 76; 31 province rows and all three published national totals verified.
广东省	2015	nhc_yearbook_2016_pdf_archived	China Health Statistical Yearbook 2016	https://www.nhc.gov.cn/mohwsbwstjxxzx/tjtjnj/201706/05a4a714a05e44b59a86ff271675c653.shtml	2016	3-1-3	2015年各地区医疗卫生机构床位数	76	official_pdf_text_layer_parsed	official_pdf_text_parsed_national_total_verified	Comprehensive hospitals are a mutually exclusive hospital category in yearbook table 3-1-3; they are used as a general health-system capacity co-exposure, not as a pure Western-medicine or placebo exposure.	108490000	persons	natcm_2015_extract_a95	Uses the same official NATCM province-year population denominator as the main TCM core-density panel.	435666	345258	249668	40.157249516084434	31.823946907549082	23.012996589547424	beds	Official yearbook PDF page 76; 31 province rows and all three published national totals verified.
广西壮族自治区	2015	nhc_yearbook_2016_pdf_archived	China Health Statistical Yearbook 2016	https://www.nhc.gov.cn/mohwsbwstjxxzx/tjtjnj/201706/05a4a714a05e44b59a86ff271675c653.shtml	2016	3-1-3	2015年各地区医疗卫生机构床位数	76	official_pdf_text_layer_parsed	official_pdf_text_parsed_national_total_verified	Comprehensive hospitals are a mutually exclusive hospital category in yearbook table 3-1-3; they are used as a general health-system capacity co-exposure, not as a pure Western-medicine or placebo exposure.	47960000	persons	natcm_2015_extract_a95	Uses the same official NATCM province-year population denominator as the main TCM core-density panel.	214485	140306	96504	44.72164303586322	29.254795663052544	20.121768140116764	beds	Official yearbook PDF page 76; 31 province rows and all three published national totals verified.
海南省	2015	nhc_yearbook_2016_pdf_archived	China Health Statistical Yearbook 2016	https://www.nhc.gov.cn/mohwsbwstjxxzx/tjtjnj/201706/05a4a714a05e44b59a86ff271675c653.shtml	2016	3-1-3	2015年各地区医疗卫生机构床位数	76	official_pdf_text_layer_parsed	official_pdf_text_parsed_national_total_verified	Comprehensive hospitals are a mutually exclusive hospital category in yearbook table 3-1-3; they are used as a general health-system capacity co-exposure, not as a pure Western-medicine or placebo exposure.	9110000	persons	natcm_2015_extract_a95	Uses the same official NATCM province-year population denominator as the main TCM core-density panel.	38698	30251	22573	42.478594950603735	33.20636663007684	24.778265642151485	beds	Official yearbook PDF page 76; 31 province rows and all three published national totals verified.
重庆市	2015	nhc_yearbook_2016_pdf_archived	China Health Statistical Yearbook 2016	https://www.nhc.gov.cn/mohwsbwstjxxzx/tjtjnj/201706/05a4a714a05e44b59a86ff271675c653.shtml	2016	3-1-3	2015年各地区医疗卫生机构床位数	76	official_pdf_text_layer_parsed	official_pdf_text_parsed_national_total_verified	Comprehensive hospitals are a mutually exclusive hospital category in yearbook table 3-1-3; they are used as a general health-system capacity co-exposure, not as a pure Western-medicine or placebo exposure.	30170000	persons	natcm_2015_extract_a95	Uses the same official NATCM province-year population denominator as the main TCM core-density panel.	176549	123855	84613	58.518064302287044	41.052369903878024	28.045409347033477	beds	Official yearbook PDF page 76; 31 province rows and all three published national totals verified.
四川省	2015	nhc_yearbook_2016_pdf_archived	China Health Statistical Yearbook 2016	https://www.nhc.gov.cn/mohwsbwstjxxzx/tjtjnj/201706/05a4a714a05e44b59a86ff271675c653.shtml	2016	3-1-3	2015年各地区医疗卫生机构床位数	76	official_pdf_text_layer_parsed	official_pdf_text_parsed_national_total_verified	Comprehensive hospitals are a mutually exclusive hospital category in yearbook table 3-1-3; they are used as a general health-system capacity co-exposure, not as a pure Western-medicine or placebo exposure.	82040000	persons	natcm_2015_extract_a95	Uses the same official NATCM province-year population denominator as the main TCM core-density panel.	488755	345771	235351	59.575207215992194	42.14663578742077	28.687347635299854	beds	Official yearbook PDF page 76; 31 province rows and all three published national totals verified.
贵州省	2015	nhc_yearbook_2016_pdf_archived	China Health Statistical Yearbook 2016	https://www.nhc.gov.cn/mohwsbwstjxxzx/tjtjnj/201706/05a4a714a05e44b59a86ff271675c653.shtml	2016	3-1-3	2015年各地区医疗卫生机构床位数	76	official_pdf_text_layer_parsed	official_pdf_text_parsed_national_total_verified	Comprehensive hospitals are a mutually exclusive hospital category in yearbook table 3-1-3; they are used as a general health-system capacity co-exposure, not as a pure Western-medicine or placebo exposure.	35300000	persons	natcm_2015_extract_a95	Uses the same official NATCM province-year population denominator as the main TCM core-density panel.	196422	148112	112175	55.64362606232295	41.95807365439093	31.777620396600568	beds	Official yearbook PDF page 76; 31 province rows and all three published national totals verified.
云南省	2015	nhc_yearbook_2016_pdf_archived	China Health Statistical Yearbook 2016	https://www.nhc.gov.cn/mohwsbwstjxxzx/tjtjnj/201706/05a4a714a05e44b59a86ff271675c653.shtml	2016	3-1-3	2015年各地区医疗卫生机构床位数	76	official_pdf_text_layer_parsed	official_pdf_text_parsed_national_total_verified	Comprehensive hospitals are a mutually exclusive hospital category in yearbook table 3-1-3; they are used as a general health-system capacity co-exposure, not as a pure Western-medicine or placebo exposure.	47420000	persons	natcm_2015_extract_a95	Uses the same official NATCM province-year population denominator as the main TCM core-density panel.	237597	181269	132132	50.10480809784901	38.22627583298186	27.86419232391396	beds	Official yearbook PDF page 76; 31 province rows and all three published national totals verified.
西藏自治区	2015	nhc_yearbook_2016_pdf_archived	China Health Statistical Yearbook 2016	https://www.nhc.gov.cn/mohwsbwstjxxzx/tjtjnj/201706/05a4a714a05e44b59a86ff271675c653.shtml	2016	3-1-3	2015年各地区医疗卫生机构床位数	76	official_pdf_text_layer_parsed	official_pdf_text_parsed_national_total_verified	Comprehensive hospitals are a mutually exclusive hospital category in yearbook table 3-1-3; they are used as a general health-system capacity co-exposure, not as a pure Western-medicine or placebo exposure.	3240000	persons	natcm_2015_extract_a95	Uses the same official NATCM province-year population denominator as the main TCM core-density panel.	14013	9944	7598	43.25	30.691358024691358	23.450617283950617	beds	Official yearbook PDF page 76; 31 province rows and all three published national totals verified.
陕西省	2015	nhc_yearbook_2016_pdf_archived	China Health Statistical Yearbook 2016	https://www.nhc.gov.cn/mohwsbwstjxxzx/tjtjnj/201706/05a4a714a05e44b59a86ff271675c653.shtml	2016	3-1-3	2015年各地区医疗卫生机构床位数	76	official_pdf_text_layer_parsed	official_pdf_text_parsed_national_total_verified	Comprehensive hospitals are a mutually exclusive hospital category in yearbook table 3-1-3; they are used as a general health-system capacity co-exposure, not as a pure Western-medicine or placebo exposure.	37930000	persons	natcm_2015_extract_a95	Uses the same official NATCM province-year population denominator as the main TCM core-density panel.	211885	167248	125440	55.8621144213024	44.09385710519378	33.071447403110994	beds	Official yearbook PDF page 76; 31 province rows and all three published national totals verified.
甘肃省	2015	nhc_yearbook_2016_pdf_archived	China Health Statistical Yearbook 2016	https://www.nhc.gov.cn/mohwsbwstjxxzx/tjtjnj/201706/05a4a714a05e44b59a86ff271675c653.shtml	2016	3-1-3	2015年各地区医疗卫生机构床位数	76	official_pdf_text_layer_parsed	official_pdf_text_parsed_national_total_verified	Comprehensive hospitals are a mutually exclusive hospital category in yearbook table 3-1-3; they are used as a general health-system capacity co-exposure, not as a pure Western-medicine or placebo exposure.	26000000	persons	natcm_2015_extract_a95	Uses the same official NATCM province-year population denominator as the main TCM core-density panel.	127743	94596	67077	49.13192307692308	36.38307692307693	25.798846153846153	beds	Official yearbook PDF page 76; 31 province rows and all three published national totals verified.
青海省	2015	nhc_yearbook_2016_pdf_archived	China Health Statistical Yearbook 2016	https://www.nhc.gov.cn/mohwsbwstjxxzx/tjtjnj/201706/05a4a714a05e44b59a86ff271675c653.shtml	2016	3-1-3	2015年各地区医疗卫生机构床位数	76	official_pdf_text_layer_parsed	official_pdf_text_parsed_national_total_verified	Comprehensive hospitals are a mutually exclusive hospital category in yearbook table 3-1-3; they are used as a general health-system capacity co-exposure, not as a pure Western-medicine or placebo exposure.	5880000	persons	natcm_2015_extract_a95	Uses the same official NATCM province-year population denominator as the main TCM core-density panel.	34546	28322	20012	58.7517006802721	48.16666666666667	34.034013605442176	beds	Official yearbook PDF page 76; 31 province rows and all three published national totals verified.
宁夏回族自治区	2015	nhc_yearbook_2016_pdf_archived	China Health Statistical Yearbook 2016	https://www.nhc.gov.cn/mohwsbwstjxxzx/tjtjnj/201706/05a4a714a05e44b59a86ff271675c653.shtml	2016	3-1-3	2015年各地区医疗卫生机构床位数	76	official_pdf_text_layer_parsed	official_pdf_text_parsed_national_total_verified	Comprehensive hospitals are a mutually exclusive hospital category in yearbook table 3-1-3; they are used as a general health-system capacity co-exposure, not as a pure Western-medicine or placebo exposure.	6680000	persons	natcm_2015_extract_a95	Uses the same official NATCM province-year population denominator as the main TCM core-density panel.	33804	29566	23313	50.604790419161674	44.26047904191616	34.8997005988024	beds	Official yearbook PDF page 76; 31 province rows and all three published national totals verified.
新疆维吾尔自治区	2015	nhc_yearbook_2016_pdf_archived	China Health Statistical Yearbook 2016	https://www.nhc.gov.cn/mohwsbwstjxxzx/tjtjnj/201706/05a4a714a05e44b59a86ff271675c653.shtml	2016	3-1-3	2015年各地区医疗卫生机构床位数	76	official_pdf_text_layer_parsed	official_pdf_text_parsed_national_total_verified	Comprehensive hospitals are a mutually exclusive hospital category in yearbook table 3-1-3; they are used as a general health-system capacity co-exposure, not as a pure Western-medicine or placebo exposure.	23600000	persons	natcm_2015_extract_a95	Uses the same official NATCM province-year population denominator as the main TCM core-density panel.	150263	118024	89394	63.670762711864406	50.010169491525424	37.87881355932203	beds	Official yearbook PDF page 76; 31 province rows and all three published national totals verified.
北京市	2018	nhc_yearbook_2019_pdf	China Health Statistical Yearbook 2019	https://www.nhc.gov.cn/mohwsbwstjxxzx/tjtjnj/202006/456391e2294244c593e871ac254f8aaa.shtml	2019	3-1-3	2018年各地区医疗卫生机构床位数	78	official_pdf_text_layer_parsed	official_pdf_text_parsed_national_total_verified	Comprehensive hospitals are a mutually exclusive hospital category in yearbook table 3-1-3; they are used as a general health-system capacity co-exposure, not as a pure Western-medicine or placebo exposure.	21540000	persons	natcm_2018_extract_a95	Uses the same official NATCM province-year population denominator as the main TCM core-density panel.	123626	116397	63924	57.393686165273905	54.03760445682452	29.676880222841223	beds	Official yearbook PDF page 78; 31 province rows and all three published national totals verified.
天津市	2018	nhc_yearbook_2019_pdf	China Health Statistical Yearbook 2019	https://www.nhc.gov.cn/mohwsbwstjxxzx/tjtjnj/202006/456391e2294244c593e871ac254f8aaa.shtml	2019	3-1-3	2018年各地区医疗卫生机构床位数	78	official_pdf_text_layer_parsed	official_pdf_text_parsed_national_total_verified	Comprehensive hospitals are a mutually exclusive hospital category in yearbook table 3-1-3; they are used as a general health-system capacity co-exposure, not as a pure Western-medicine or placebo exposure.	15600000	persons	natcm_2018_extract_a95	Uses the same official NATCM province-year population denominator as the main TCM core-density panel.	68247	60337	34258	43.74807692307692	38.677564102564105	21.96025641025641	beds	Official yearbook PDF page 78; 31 province rows and all three published national totals verified.
河北省	2018	nhc_yearbook_2019_pdf	China Health Statistical Yearbook 2019	https://www.nhc.gov.cn/mohwsbwstjxxzx/tjtjnj/202006/456391e2294244c593e871ac254f8aaa.shtml	2019	3-1-3	2018年各地区医疗卫生机构床位数	78	official_pdf_text_layer_parsed	official_pdf_text_parsed_national_total_verified	Comprehensive hospitals are a mutually exclusive hospital category in yearbook table 3-1-3; they are used as a general health-system capacity co-exposure, not as a pure Western-medicine or placebo exposure.	75560000	persons	natcm_2018_extract_a95	Uses the same official NATCM province-year population denominator as the main TCM core-density panel.	421916	320739	232737	55.838538909475915	42.448253043938585	30.80161461090524	beds	Official yearbook PDF page 78; 31 province rows and all three published national totals verified.
山西省	2018	nhc_yearbook_2019_pdf	China Health Statistical Yearbook 2019	https://www.nhc.gov.cn/mohwsbwstjxxzx/tjtjnj/202006/456391e2294244c593e871ac254f8aaa.shtml	2019	3-1-3	2018年各地区医疗卫生机构床位数	78	official_pdf_text_layer_parsed	official_pdf_text_parsed_national_total_verified	Comprehensive hospitals are a mutually exclusive hospital category in yearbook table 3-1-3; they are used as a general health-system capacity co-exposure, not as a pure Western-medicine or placebo exposure.	37180000	persons	natcm_2018_extract_a95	Uses the same official NATCM province-year population denominator as the main TCM core-density panel.	208305	163584	109641	56.02608929532006	43.997848305540614	29.48924152770307	beds	Official yearbook PDF page 78; 31 province rows and all three published national totals verified.
内蒙古自治区	2018	nhc_yearbook_2019_pdf	China Health Statistical Yearbook 2019	https://www.nhc.gov.cn/mohwsbwstjxxzx/tjtjnj/202006/456391e2294244c593e871ac254f8aaa.shtml	2019	3-1-3	2018年各地区医疗卫生机构床位数	78	official_pdf_text_layer_parsed	official_pdf_text_parsed_national_total_verified	Comprehensive hospitals are a mutually exclusive hospital category in yearbook table 3-1-3; they are used as a general health-system capacity co-exposure, not as a pure Western-medicine or placebo exposure.	25340000	persons	natcm_2018_extract_a95	Uses the same official NATCM province-year population denominator as the main TCM core-density panel.	159006	126378	76921	62.7490134175217	49.872928176795575	30.355564325177586	beds	Official yearbook PDF page 78; 31 province rows and all three published national totals verified.
辽宁省	2018	nhc_yearbook_2019_pdf	China Health Statistical Yearbook 2019	https://www.nhc.gov.cn/mohwsbwstjxxzx/tjtjnj/202006/456391e2294244c593e871ac254f8aaa.shtml	2019	3-1-3	2018年各地区医疗卫生机构床位数	78	official_pdf_text_layer_parsed	official_pdf_text_parsed_national_total_verified	Comprehensive hospitals are a mutually exclusive hospital category in yearbook table 3-1-3; they are used as a general health-system capacity co-exposure, not as a pure Western-medicine or placebo exposure.	43590000	persons	natcm_2018_extract_a95	Uses the same official NATCM province-year population denominator as the main TCM core-density panel.	314440	265968	176886	72.13581096581784	61.015829318651065	40.57949070887818	beds	Official yearbook PDF page 78; 31 province rows and all three published national totals verified.
吉林省	2018	nhc_yearbook_2019_pdf	China Health Statistical Yearbook 2019	https://www.nhc.gov.cn/mohwsbwstjxxzx/tjtjnj/202006/456391e2294244c593e871ac254f8aaa.shtml	2019	3-1-3	2018年各地区医疗卫生机构床位数	78	official_pdf_text_layer_parsed	official_pdf_text_parsed_national_total_verified	Comprehensive hospitals are a mutually exclusive hospital category in yearbook table 3-1-3; they are used as a general health-system capacity co-exposure, not as a pure Western-medicine or placebo exposure.	27040000	persons	natcm_2018_extract_a95	Uses the same official NATCM province-year population denominator as the main TCM core-density panel.	166994	140384	93456	61.758136094674555	51.917159763313606	34.56213017751479	beds	Official yearbook PDF page 78; 31 province rows and all three published national totals verified.
黑龙江省	2018	nhc_yearbook_2019_pdf	China Health Statistical Yearbook 2019	https://www.nhc.gov.cn/mohwsbwstjxxzx/tjtjnj/202006/456391e2294244c593e871ac254f8aaa.shtml	2019	3-1-3	2018年各地区医疗卫生机构床位数	78	official_pdf_text_layer_parsed	official_pdf_text_parsed_national_total_verified	Comprehensive hospitals are a mutually exclusive hospital category in yearbook table 3-1-3; they are used as a general health-system capacity co-exposure, not as a pure Western-medicine or placebo exposure.	37730000	persons	natcm_2018_extract_a95	Uses the same official NATCM province-year population denominator as the main TCM core-density panel.	250129	209578	147390	66.29446064139941	55.54677975086138	39.064404982772324	beds	Official yearbook PDF page 78; 31 province rows and all three published national totals verified.
上海市	2018	nhc_yearbook_2019_pdf	China Health Statistical Yearbook 2019	https://www.nhc.gov.cn/mohwsbwstjxxzx/tjtjnj/202006/456391e2294244c593e871ac254f8aaa.shtml	2019	3-1-3	2018年各地区医疗卫生机构床位数	78	official_pdf_text_layer_parsed	official_pdf_text_parsed_national_total_verified	Comprehensive hospitals are a mutually exclusive hospital category in yearbook table 3-1-3; they are used as a general health-system capacity co-exposure, not as a pure Western-medicine or placebo exposure.	24240000	persons	natcm_2018_extract_a95	Uses the same official NATCM province-year population denominator as the main TCM core-density panel.	139029	120787	66398	57.35519801980198	49.82962046204621	27.39191419141914	beds	Official yearbook PDF page 78; 31 province rows and all three published national totals verified.
江苏省	2018	nhc_yearbook_2019_pdf	China Health Statistical Yearbook 2019	https://www.nhc.gov.cn/mohwsbwstjxxzx/tjtjnj/202006/456391e2294244c593e871ac254f8aaa.shtml	2019	3-1-3	2018年各地区医疗卫生机构床位数	78	official_pdf_text_layer_parsed	official_pdf_text_parsed_national_total_verified	Comprehensive hospitals are a mutually exclusive hospital category in yearbook table 3-1-3; they are used as a general health-system capacity co-exposure, not as a pure Western-medicine or placebo exposure.	80510000	persons	natcm_2018_extract_a95	Uses the same official NATCM province-year population denominator as the main TCM core-density panel.	491512	387981	233231	61.04980747733201	48.19041112905229	28.969196373121353	beds	Official yearbook PDF page 78; 31 province rows and all three published national totals verified.
浙江省	2018	nhc_yearbook_2019_pdf	China Health Statistical Yearbook 2019	https://www.nhc.gov.cn/mohwsbwstjxxzx/tjtjnj/202006/456391e2294244c593e871ac254f8aaa.shtml	2019	3-1-3	2018年各地区医疗卫生机构床位数	78	official_pdf_text_layer_parsed	official_pdf_text_parsed_national_total_verified	Comprehensive hospitals are a mutually exclusive hospital category in yearbook table 3-1-3; they are used as a general health-system capacity co-exposure, not as a pure Western-medicine or placebo exposure.	57370000	persons	natcm_2018_extract_a95	Uses the same official NATCM province-year population denominator as the main TCM core-density panel.	332086	293690	178012	57.884957294753356	51.19226076346522	31.02876067631166	beds	Official yearbook PDF page 78; 31 province rows and all three published national totals verified.
安徽省	2018	nhc_yearbook_2019_pdf	China Health Statistical Yearbook 2019	https://www.nhc.gov.cn/mohwsbwstjxxzx/tjtjnj/202006/456391e2294244c593e871ac254f8aaa.shtml	2019	3-1-3	2018年各地区医疗卫生机构床位数	78	official_pdf_text_layer_parsed	official_pdf_text_parsed_national_total_verified	Comprehensive hospitals are a mutually exclusive hospital category in yearbook table 3-1-3; they are used as a general health-system capacity co-exposure, not as a pure Western-medicine or placebo exposure.	63240000	persons	natcm_2018_extract_a95	Uses the same official NATCM province-year population denominator as the main TCM core-density panel.	328123	253595	177059	51.88535736875395	40.100411132194814	27.99794433902593	beds	Official yearbook PDF page 78; 31 province rows and all three published national totals verified.
福建省	2018	nhc_yearbook_2019_pdf	China Health Statistical Yearbook 2019	https://www.nhc.gov.cn/mohwsbwstjxxzx/tjtjnj/202006/456391e2294244c593e871ac254f8aaa.shtml	2019	3-1-3	2018年各地区医疗卫生机构床位数	78	official_pdf_text_layer_parsed	official_pdf_text_parsed_national_total_verified	Comprehensive hospitals are a mutually exclusive hospital category in yearbook table 3-1-3; they are used as a general health-system capacity co-exposure, not as a pure Western-medicine or placebo exposure.	39410000	persons	natcm_2018_extract_a95	Uses the same official NATCM province-year population denominator as the main TCM core-density panel.	192473	148012	98517	48.838619639685355	37.55696523724943	24.997970058360824	beds	Official yearbook PDF page 78; 31 province rows and all three published national totals verified.
江西省	2018	nhc_yearbook_2019_pdf	China Health Statistical Yearbook 2019	https://www.nhc.gov.cn/mohwsbwstjxxzx/tjtjnj/202006/456391e2294244c593e871ac254f8aaa.shtml	2019	3-1-3	2018年各地区医疗卫生机构床位数	78	official_pdf_text_layer_parsed	official_pdf_text_parsed_national_total_verified	Comprehensive hospitals are a mutually exclusive hospital category in yearbook table 3-1-3; they are used as a general health-system capacity co-exposure, not as a pure Western-medicine or placebo exposure.	46480000	persons	natcm_2018_extract_a95	Uses the same official NATCM province-year population denominator as the main TCM core-density panel.	249490	172843	117398	53.67685025817556	37.186531841652325	25.25774526678141	beds	Official yearbook PDF page 78; 31 province rows and all three published national totals verified.
山东省	2018	nhc_yearbook_2019_pdf	China Health Statistical Yearbook 2019	https://www.nhc.gov.cn/mohwsbwstjxxzx/tjtjnj/202006/456391e2294244c593e871ac254f8aaa.shtml	2019	3-1-3	2018年各地区医疗卫生机构床位数	78	official_pdf_text_layer_parsed	official_pdf_text_parsed_national_total_verified	Comprehensive hospitals are a mutually exclusive hospital category in yearbook table 3-1-3; they are used as a general health-system capacity co-exposure, not as a pure Western-medicine or placebo exposure.	100470000	persons	natcm_2018_extract_a95	Uses the same official NATCM province-year population denominator as the main TCM core-density panel.	608459	460703	321660	60.56126206827909	45.85478252214592	32.01552702299194	beds	Official yearbook PDF page 78; 31 province rows and all three published national totals verified.
河南省	2018	nhc_yearbook_2019_pdf	China Health Statistical Yearbook 2019	https://www.nhc.gov.cn/mohwsbwstjxxzx/tjtjnj/202006/456391e2294244c593e871ac254f8aaa.shtml	2019	3-1-3	2018年各地区医疗卫生机构床位数	78	official_pdf_text_layer_parsed	official_pdf_text_parsed_national_total_verified	Comprehensive hospitals are a mutually exclusive hospital category in yearbook table 3-1-3; they are used as a general health-system capacity co-exposure, not as a pure Western-medicine or placebo exposure.	96050000	persons	natcm_2018_extract_a95	Uses the same official NATCM province-year population denominator as the main TCM core-density panel.	608519	455677	326630	63.3543987506507	47.4416449765747	34.006246746486205	beds	Official yearbook PDF page 78; 31 province rows and all three published national totals verified.
湖北省	2018	nhc_yearbook_2019_pdf	China Health Statistical Yearbook 2019	https://www.nhc.gov.cn/mohwsbwstjxxzx/tjtjnj/202006/456391e2294244c593e871ac254f8aaa.shtml	2019	3-1-3	2018年各地区医疗卫生机构床位数	78	official_pdf_text_layer_parsed	official_pdf_text_parsed_national_total_verified	Comprehensive hospitals are a mutually exclusive hospital category in yearbook table 3-1-3; they are used as a general health-system capacity co-exposure, not as a pure Western-medicine or placebo exposure.	59170000	persons	natcm_2018_extract_a95	Uses the same official NATCM province-year population denominator as the main TCM core-density panel.	393514	281455	198116	66.50566165286463	47.56717931384147	33.48250802771675	beds	Official yearbook PDF page 78; 31 province rows and all three published national totals verified.
湖南省	2018	nhc_yearbook_2019_pdf	China Health Statistical Yearbook 2019	https://www.nhc.gov.cn/mohwsbwstjxxzx/tjtjnj/202006/456391e2294244c593e871ac254f8aaa.shtml	2019	3-1-3	2018年各地区医疗卫生机构床位数	78	official_pdf_text_layer_parsed	official_pdf_text_parsed_national_total_verified	Comprehensive hospitals are a mutually exclusive hospital category in yearbook table 3-1-3; they are used as a general health-system capacity co-exposure, not as a pure Western-medicine or placebo exposure.	68990000	persons	natcm_2018_extract_a95	Uses the same official NATCM province-year population denominator as the main TCM core-density panel.	482439	346350	225670	69.92883026525583	50.202927960573994	32.71053775909552	beds	Official yearbook PDF page 78; 31 province rows and all three published national totals verified.
广东省	2018	nhc_yearbook_2019_pdf	China Health Statistical Yearbook 2019	https://www.nhc.gov.cn/mohwsbwstjxxzx/tjtjnj/202006/456391e2294244c593e871ac254f8aaa.shtml	2019	3-1-3	2018年各地区医疗卫生机构床位数	78	official_pdf_text_layer_parsed	official_pdf_text_parsed_national_total_verified	Comprehensive hospitals are a mutually exclusive hospital category in yearbook table 3-1-3; they are used as a general health-system capacity co-exposure, not as a pure Western-medicine or placebo exposure.	113460000	persons	natcm_2018_extract_a95	Uses the same official NATCM province-year population denominator as the main TCM core-density panel.	516929	416243	289107	45.56046183677067	36.686321170456544	25.480962453728186	beds	Official yearbook PDF page 78; 31 province rows and all three published national totals verified.
广西壮族自治区	2018	nhc_yearbook_2019_pdf	China Health Statistical Yearbook 2019	https://www.nhc.gov.cn/mohwsbwstjxxzx/tjtjnj/202006/456391e2294244c593e871ac254f8aaa.shtml	2019	3-1-3	2018年各地区医疗卫生机构床位数	78	official_pdf_text_layer_parsed	official_pdf_text_parsed_national_total_verified	Comprehensive hospitals are a mutually exclusive hospital category in yearbook table 3-1-3; they are used as a general health-system capacity co-exposure, not as a pure Western-medicine or placebo exposure.	49260000	persons	natcm_2018_extract_a95	Uses the same official NATCM province-year population denominator as the main TCM core-density panel.	255940	173207	112523	51.95696305318717	35.16179455948031	22.842671538773853	beds	Official yearbook PDF page 78; 31 province rows and all three published national totals verified.
海南省	2018	nhc_yearbook_2019_pdf	China Health Statistical Yearbook 2019	https://www.nhc.gov.cn/mohwsbwstjxxzx/tjtjnj/202006/456391e2294244c593e871ac254f8aaa.shtml	2019	3-1-3	2018年各地区医疗卫生机构床位数	78	official_pdf_text_layer_parsed	official_pdf_text_parsed_national_total_verified	Comprehensive hospitals are a mutually exclusive hospital category in yearbook table 3-1-3; they are used as a general health-system capacity co-exposure, not as a pure Western-medicine or placebo exposure.	9340000	persons	natcm_2018_extract_a95	Uses the same official NATCM province-year population denominator as the main TCM core-density panel.	44800	35863	26612	47.96573875802998	38.397216274089935	28.492505353319057	beds	Official yearbook PDF page 78; 31 province rows and all three published national totals verified.
重庆市	2018	nhc_yearbook_2019_pdf	China Health Statistical Yearbook 2019	https://www.nhc.gov.cn/mohwsbwstjxxzx/tjtjnj/202006/456391e2294244c593e871ac254f8aaa.shtml	2019	3-1-3	2018年各地区医疗卫生机构床位数	78	official_pdf_text_layer_parsed	official_pdf_text_parsed_national_total_verified	Comprehensive hospitals are a mutually exclusive hospital category in yearbook table 3-1-3; they are used as a general health-system capacity co-exposure, not as a pure Western-medicine or placebo exposure.	31020000	persons	natcm_2018_extract_a95	Uses the same official NATCM province-year population denominator as the main TCM core-density panel.	220104	162147	102025	70.95551257253385	52.27176015473888	32.89007092198582	beds	Official yearbook PDF page 78; 31 province rows and all three published national totals verified.
四川省	2018	nhc_yearbook_2019_pdf	China Health Statistical Yearbook 2019	https://www.nhc.gov.cn/mohwsbwstjxxzx/tjtjnj/202006/456391e2294244c593e871ac254f8aaa.shtml	2019	3-1-3	2018年各地区医疗卫生机构床位数	78	official_pdf_text_layer_parsed	official_pdf_text_parsed_national_total_verified	Comprehensive hospitals are a mutually exclusive hospital category in yearbook table 3-1-3; they are used as a general health-system capacity co-exposure, not as a pure Western-medicine or placebo exposure.	83410000	persons	natcm_2018_extract_a95	Uses the same official NATCM province-year population denominator as the main TCM core-density panel.	598898	442215	284637	71.80170243376094	53.0170243376094	34.12504495863805	beds	Official yearbook PDF page 78; 31 province rows and all three published national totals verified.
贵州省	2018	nhc_yearbook_2019_pdf	China Health Statistical Yearbook 2019	https://www.nhc.gov.cn/mohwsbwstjxxzx/tjtjnj/202006/456391e2294244c593e871ac254f8aaa.shtml	2019	3-1-3	2018年各地区医疗卫生机构床位数	78	official_pdf_text_layer_parsed	official_pdf_text_parsed_national_total_verified	Comprehensive hospitals are a mutually exclusive hospital category in yearbook table 3-1-3; they are used as a general health-system capacity co-exposure, not as a pure Western-medicine or placebo exposure.	36000000	persons	natcm_2018_extract_a95	Uses the same official NATCM province-year population denominator as the main TCM core-density panel.	245639	189167	133123	68.23305555555555	52.546388888888885	36.97861111111111	beds	Official yearbook PDF page 78; 31 province rows and all three published national totals verified.
云南省	2018	nhc_yearbook_2019_pdf	China Health Statistical Yearbook 2019	https://www.nhc.gov.cn/mohwsbwstjxxzx/tjtjnj/202006/456391e2294244c593e871ac254f8aaa.shtml	2019	3-1-3	2018年各地区医疗卫生机构床位数	78	official_pdf_text_layer_parsed	official_pdf_text_parsed_national_total_verified	Comprehensive hospitals are a mutually exclusive hospital category in yearbook table 3-1-3; they are used as a general health-system capacity co-exposure, not as a pure Western-medicine or placebo exposure.	48300000	persons	natcm_2018_extract_a95	Uses the same official NATCM province-year population denominator as the main TCM core-density panel.	291194	223272	160436	60.28861283643892	46.22608695652174	33.21656314699793	beds	Official yearbook PDF page 78; 31 province rows and all three published national totals verified.
西藏自治区	2018	nhc_yearbook_2019_pdf	China Health Statistical Yearbook 2019	https://www.nhc.gov.cn/mohwsbwstjxxzx/tjtjnj/202006/456391e2294244c593e871ac254f8aaa.shtml	2019	3-1-3	2018年各地区医疗卫生机构床位数	78	official_pdf_text_layer_parsed	official_pdf_text_parsed_national_total_verified	Comprehensive hospitals are a mutually exclusive hospital category in yearbook table 3-1-3; they are used as a general health-system capacity co-exposure, not as a pure Western-medicine or placebo exposure.	3440000	persons	natcm_2018_extract_a95	Uses the same official NATCM province-year population denominator as the main TCM core-density panel.	16787	12604	9552	48.799418604651166	36.63953488372093	27.76744186046512	beds	Official yearbook PDF page 78; 31 province rows and all three published national totals verified.
陕西省	2018	nhc_yearbook_2019_pdf	China Health Statistical Yearbook 2019	https://www.nhc.gov.cn/mohwsbwstjxxzx/tjtjnj/202006/456391e2294244c593e871ac254f8aaa.shtml	2019	3-1-3	2018年各地区医疗卫生机构床位数	78	official_pdf_text_layer_parsed	official_pdf_text_parsed_national_total_verified	Comprehensive hospitals are a mutually exclusive hospital category in yearbook table 3-1-3; they are used as a general health-system capacity co-exposure, not as a pure Western-medicine or placebo exposure.	38640000	persons	natcm_2018_extract_a95	Uses the same official NATCM province-year population denominator as the main TCM core-density panel.	253711	204359	147566	65.6601966873706	52.887939958592135	38.189958592132506	beds	Official yearbook PDF page 78; 31 province rows and all three published national totals verified.
甘肃省	2018	nhc_yearbook_2019_pdf	China Health Statistical Yearbook 2019	https://www.nhc.gov.cn/mohwsbwstjxxzx/tjtjnj/202006/456391e2294244c593e871ac254f8aaa.shtml	2019	3-1-3	2018年各地区医疗卫生机构床位数	78	official_pdf_text_layer_parsed	official_pdf_text_parsed_national_total_verified	Comprehensive hospitals are a mutually exclusive hospital category in yearbook table 3-1-3; they are used as a general health-system capacity co-exposure, not as a pure Western-medicine or placebo exposure.	26370000	persons	natcm_2018_extract_a95	Uses the same official NATCM province-year population denominator as the main TCM core-density panel.	162737	126147	86969	61.712931361395526	47.83731513083048	32.980280621918844	beds	Official yearbook PDF page 78; 31 province rows and all three published national totals verified.
青海省	2018	nhc_yearbook_2019_pdf	China Health Statistical Yearbook 2019	https://www.nhc.gov.cn/mohwsbwstjxxzx/tjtjnj/202006/456391e2294244c593e871ac254f8aaa.shtml	2019	3-1-3	2018年各地区医疗卫生机构床位数	78	official_pdf_text_layer_parsed	official_pdf_text_parsed_national_total_verified	Comprehensive hospitals are a mutually exclusive hospital category in yearbook table 3-1-3; they are used as a general health-system capacity co-exposure, not as a pure Western-medicine or placebo exposure.	6030000	persons	natcm_2018_extract_a95	Uses the same official NATCM province-year population denominator as the main TCM core-density panel.	39146	32521	22382	64.91873963515755	53.93200663349917	37.117744610281925	beds	Official yearbook PDF page 78; 31 province rows and all three published national totals verified.
宁夏回族自治区	2018	nhc_yearbook_2019_pdf	China Health Statistical Yearbook 2019	https://www.nhc.gov.cn/mohwsbwstjxxzx/tjtjnj/202006/456391e2294244c593e871ac254f8aaa.shtml	2019	3-1-3	2018年各地区医疗卫生机构床位数	78	official_pdf_text_layer_parsed	official_pdf_text_parsed_national_total_verified	Comprehensive hospitals are a mutually exclusive hospital category in yearbook table 3-1-3; they are used as a general health-system capacity co-exposure, not as a pure Western-medicine or placebo exposure.	6880000	persons	natcm_2018_extract_a95	Uses the same official NATCM province-year population denominator as the main TCM core-density panel.	41005	35698	27632	59.600290697674424	51.88662790697674	40.16279069767442	beds	Official yearbook PDF page 78; 31 province rows and all three published national totals verified.
新疆维吾尔自治区	2018	nhc_yearbook_2019_pdf	China Health Statistical Yearbook 2019	https://www.nhc.gov.cn/mohwsbwstjxxzx/tjtjnj/202006/456391e2294244c593e871ac254f8aaa.shtml	2019	3-1-3	2018年各地区医疗卫生机构床位数	78	official_pdf_text_layer_parsed	official_pdf_text_parsed_national_total_verified	Comprehensive hospitals are a mutually exclusive hospital category in yearbook table 3-1-3; they are used as a general health-system capacity co-exposure, not as a pure Western-medicine or placebo exposure.	24870000	persons	natcm_2018_extract_a95	Uses the same official NATCM province-year population denominator as the main TCM core-density panel.	178881	141848	98424	71.9264173703257	57.035786087655815	39.575392038600725	beds	Official yearbook PDF page 78; 31 province rows and all three published national totals verified.
