province	year	denominator_population	value_tcm_hospital_beds	value_tcm_practicing_assistant_physicians	value_per_10000_population_tcm_hospital_beds	value_per_10000_population_tcm_practicing_assistant_physicians	tcm_source_id	tcm_source_url	tcm_table_id	health_denominator_population	value_total_health_institution_beds	value_hospital_beds	value_comprehensive_hospital_beds	value_per_10000_population_total_health_institution_beds	value_per_10000_population_hospital_beds	value_per_10000_population_comprehensive_hospital_beds	health_source_id	health_source_url	health_table_id	health_quality_flag	gdp_per_capita_current_yuan	log_gdp_per_capita_current_yuan	urban_population_percent	age_composition_sample_population	age_composition_sample_age_65_plus	population_age_65_plus_percent	gdp_source_id	gdp_table_id	gdp_source_url	gdp_measure_notes	urbanization_source_id	urbanization_table_id	urbanization_source_url	urbanization_measure_notes	aging_source_id	aging_table_id	aging_source_url	aging_measure_notes	extraction_method	quality_flag	denominator_match	z_value_per_10000_population_tcm_hospital_beds	z_value_per_10000_population_tcm_practicing_assistant_physicians	z_value_per_10000_population_comprehensive_hospital_beds	z_value_per_10000_population_hospital_beds	z_log_gdp_per_capita_current_yuan	z_urban_population_percent	z_population_age_65_plus_percent
上海市	2011	23470000	7115	5664	3.03	2.41	natcm_2011_extract_a86	http://www.natcm.gov.cn/2020tjzb/%E5%85%A8%E5%9B%BD%E4%B8%AD%E5%8C%BB%E8%8D%AF%E7%BB%9F%E8%AE%A1%E6%91%98%E7%BC%96/atog/2011/A86.xlsx	A86	23470000	107130	87548	53910	45.64550489987218	37.30208777162335	22.96974861525351	nhc_yearbook_2012_full_pdf	https://www.nhc.gov.cn/mohwsbwstjxxzx/tjtjnj/202605/e2ea85f22ed349e78ab5a776dcced4ea.shtml	3-1-3	scan_transcribed_twice_national_total_verified	82560	11.32128058071539	89.3	20056	1579	7.872955723972876	nbs_yearbook_2014_z0315e	3-15	https://www.stats.gov.cn/sj/ndsj/2014/zk/html/Z0315E.xls	Per capita gross regional product at current prices; models include wave fixed effects and use the log value.	nbs_yearbook_2014_z0206e	2-6	https://www.stats.gov.cn/sj/ndsj/2014/zk/html/Z0206E.xls	Proportion of year-end usual-resident population living in urban areas (%).	nbs_yearbook_2012_d0311e	3-11	https://www.stats.gov.cn/sj/ndsj/2012/html/D0311e.xls	Province age structure is estimated from the NBS annual population sample survey for the corresponding year; sampling fractions differ across waves, so this variable is reserved for sensitivity adjustment.	official_nbs_excel_parsed	official_excel_parsed	TRUE	-1.4699226323722017	-0.6744312222708128	-0.5455385147435975	-0.03635107317616328	1.3054785105038018	2.4875184150220755	-0.8537523745757399
云南省	2011	46310000	16156	7138	3.49	1.54	natcm_2011_extract_a86	http://www.natcm.gov.cn/2020tjzb/%E5%85%A8%E5%9B%BD%E4%B8%AD%E5%8C%BB%E8%8D%AF%E7%BB%9F%E8%AE%A1%E6%91%98%E7%BC%96/atog/2011/A86.xlsx	A86	46310000	173434	126318	95776	37.4506586050529	27.276614122219826	20.6814942776938	nhc_yearbook_2012_full_pdf	https://www.nhc.gov.cn/mohwsbwstjxxzx/tjtjnj/202605/e2ea85f22ed349e78ab5a776dcced4ea.shtml	3-1-3	scan_transcribed_twice_national_total_verified	19265	9.866045257060255	36.8	39564	3041	7.686280456981094	nbs_yearbook_2014_z0315e	3-15	https://www.stats.gov.cn/sj/ndsj/2014/zk/html/Z0315E.xls	Per capita gross regional product at current prices; models include wave fixed effects and use the log value.	nbs_yearbook_2014_z0206e	2-6	https://www.stats.gov.cn/sj/ndsj/2014/zk/html/Z0206E.xls	Proportion of year-end usual-resident population living in urban areas (%).	nbs_yearbook_2012_d0311e	3-11	https://www.stats.gov.cn/sj/ndsj/2012/html/D0311e.xls	Province age structure is estimated from the NBS annual population sample survey for the corresponding year; sampling fractions differ across waves, so this variable is reserved for sensitivity adjustment.	official_nbs_excel_parsed	official_excel_parsed	TRUE	-1.221372163899171	-1.3446500923474682	-0.9257427846150268	-1.125250916793782	-1.973749271788295	-1.4123340830608044	-0.9368437577918997
内蒙古自治区	2011	24820000	10615	8979	4.28	3.62	natcm_2011_extract_a86	http://www.natcm.gov.cn/2020tjzb/%E5%85%A8%E5%9B%BD%E4%B8%AD%E5%8C%BB%E8%8D%AF%E7%BB%9F%E8%AE%A1%E6%91%98%E7%BC%96/atog/2011/A86.xlsx	A86	24820000	100633	72871	54794	40.545124899274775	29.35979049153908	22.076551168412568	nhc_yearbook_2012_full_pdf	https://www.nhc.gov.cn/mohwsbwstjxxzx/tjtjnj/202605/e2ea85f22ed349e78ab5a776dcced4ea.shtml	3-1-3	scan_transcribed_twice_national_total_verified	57974	10.967749913160826	56.62	21203	1461	6.8905343583455165	nbs_yearbook_2014_z0315e	3-15	https://www.stats.gov.cn/sj/ndsj/2014/zk/html/Z0315E.xls	Per capita gross regional product at current prices; models include wave fixed effects and use the log value.	nbs_yearbook_2014_z0206e	2-6	https://www.stats.gov.cn/sj/ndsj/2014/zk/html/Z0206E.xls	Proportion of year-end usual-resident population living in urban areas (%).	nbs_yearbook_2012_d0311e	3-11	https://www.stats.gov.cn/sj/ndsj/2012/html/D0311e.xls	Province age structure is estimated from the NBS annual population sample survey for the corresponding year; sampling fractions differ across waves, so this variable is reserved for sensitivity adjustment.	official_nbs_excel_parsed	official_excel_parsed	TRUE	-0.7945137506520098	0.25771226369786887	-0.6939474907708632	-0.8989902430235593	0.5088323818039104	0.05995308859638956	-1.2910398175591726
北京市	2011	20190000	11824	11398	5.86	5.65	natcm_2011_extract_a86	http://www.natcm.gov.cn/2020tjzb/%E5%85%A8%E5%9B%BD%E4%B8%AD%E5%8C%BB%E8%8D%AF%E7%BB%9F%E8%AE%A1%E6%91%98%E7%BC%96/atog/2011/A86.xlsx	A86	20190000	94735	87596	56312	46.92174343734522	43.385834571570086	27.891035165923725	nhc_yearbook_2012_full_pdf	https://www.nhc.gov.cn/mohwsbwstjxxzx/tjtjnj/202605/e2ea85f22ed349e78ab5a776dcced4ea.shtml	3-1-3	scan_transcribed_twice_national_total_verified	81658	11.31029507277839	86.2	17246	1521	8.8194363910472	nbs_yearbook_2014_z0315e	3-15	https://www.stats.gov.cn/sj/ndsj/2014/zk/html/Z0315E.xls	Per capita gross regional product at current prices; models include wave fixed effects and use the log value.	nbs_yearbook_2014_z0206e	2-6	https://www.stats.gov.cn/sj/ndsj/2014/zk/html/Z0206E.xls	Proportion of year-end usual-resident population living in urban areas (%).	nbs_yearbook_2012_d0311e	3-11	https://www.stats.gov.cn/sj/ndsj/2012/html/D0311e.xls	Province age structure is estimated from the NBS annual population sample survey for the corresponding year; sampling fractions differ across waves, so this variable is reserved for sensitivity adjustment.	official_nbs_excel_parsed	official_excel_parsed	TRUE	0.05920307584231233	1.8215562938767316	0.27215649804989545	0.624424783480278	1.280723763114135	2.2572414103733727	-0.43246256429775937
吉林省	2011	27490000	12875	7094	4.68	2.58	natcm_2011_extract_a86	http://www.natcm.gov.cn/2020tjzb/%E5%85%A8%E5%9B%BD%E4%B8%AD%E5%8C%BB%E8%8D%AF%E7%BB%9F%E8%AE%A1%E6%91%98%E7%BC%96/atog/2011/A86.xlsx	A86	27490000	121240	94636	67509	44.1033102946526	34.42560931247726	24.55765732993816	nhc_yearbook_2012_full_pdf	https://www.nhc.gov.cn/mohwsbwstjxxzx/tjtjnj/202605/e2ea85f22ed349e78ab5a776dcced4ea.shtml	3-1-3	scan_transcribed_twice_national_total_verified	38460	10.55737401914277	53.4	23490	2044	8.701575138356747	nbs_yearbook_2014_z0315e	3-15	https://www.stats.gov.cn/sj/ndsj/2014/zk/html/Z0315E.xls	Per capita gross regional product at current prices; models include wave fixed effects and use the log value.	nbs_yearbook_2014_z0206e	2-6	https://www.stats.gov.cn/sj/ndsj/2014/zk/html/Z0206E.xls	Proportion of year-end usual-resident population living in urban areas (%).	nbs_yearbook_2012_d0311e	3-11	https://www.stats.gov.cn/sj/ndsj/2012/html/D0311e.xls	Province age structure is estimated from the NBS annual population sample survey for the corresponding year; sampling fractions differ across waves, so this variable is reserved for sensitivity adjustment.	official_nbs_excel_parsed	official_excel_parsed	TRUE	-0.5783829085015488	-0.5434689143247997	-0.28169997914925504	-0.34877491008086403	-0.41590879989508334	-0.1792378646193603	-0.48492401069853086
四川省	2011	80500000	33698	27572	4.19	3.43	natcm_2011_extract_a86	http://www.natcm.gov.cn/2020tjzb/%E5%85%A8%E5%9B%BD%E4%B8%AD%E5%8C%BB%E8%8D%AF%E7%BB%9F%E8%AE%A1%E6%91%98%E7%BC%96/atog/2011/A86.xlsx	A86	80500000	334663	211524	147052	41.57304347826087	26.276273291925463	18.267329192546583	nhc_yearbook_2012_full_pdf	https://www.nhc.gov.cn/mohwsbwstjxxzx/tjtjnj/202605/e2ea85f22ed349e78ab5a776dcced4ea.shtml	3-1-3	scan_transcribed_twice_national_total_verified	26133	10.170954162487002	41.83	68777	8277	12.034546432673714	nbs_yearbook_2014_z0315e	3-15	https://www.stats.gov.cn/sj/ndsj/2014/zk/html/Z0315E.xls	Per capita gross regional product at current prices; models include wave fixed effects and use the log value.	nbs_yearbook_2014_z0206e	2-6	https://www.stats.gov.cn/sj/ndsj/2014/zk/html/Z0206E.xls	Proportion of year-end usual-resident population living in urban areas (%).	nbs_yearbook_2012_d0311e	3-11	https://www.stats.gov.cn/sj/ndsj/2012/html/D0311e.xls	Province age structure is estimated from the NBS annual population sample survey for the corresponding year; sampling fractions differ across waves, so this variable is reserved for sensitivity adjustment.	official_nbs_excel_parsed	official_excel_parsed	TRUE	-0.8431431901358636	0.111342625405266	-1.3268677201090224	-1.233901242131444	-1.2866674387055996	-1.0386910722921017	0.9986211826598539
天津市	2011	13550000	5550	4614	4.1	3.41	natcm_2011_extract_a86	http://www.natcm.gov.cn/2020tjzb/%E5%85%A8%E5%9B%BD%E4%B8%AD%E5%8C%BB%E8%8D%AF%E7%BB%9F%E8%AE%A1%E6%91%98%E7%BC%96/atog/2011/A86.xlsx	A86	13550000	49423	40787	23320	36.474538745387456	30.10110701107011	17.210332103321033	nhc_yearbook_2012_full_pdf	https://www.nhc.gov.cn/mohwsbwstjxxzx/tjtjnj/202605/e2ea85f22ed349e78ab5a776dcced4ea.shtml	3-1-3	scan_transcribed_twice_national_total_verified	85213	11.352909283337558	80.5	11577	1131	9.769370303187356	nbs_yearbook_2014_z0315e	3-15	https://www.stats.gov.cn/sj/ndsj/2014/zk/html/Z0315E.xls	Per capita gross regional product at current prices; models include wave fixed effects and use the log value.	nbs_yearbook_2014_z0206e	2-6	https://www.stats.gov.cn/sj/ndsj/2014/zk/html/Z0206E.xls	Proportion of year-end usual-resident population living in urban areas (%).	nbs_yearbook_2012_d0311e	3-11	https://www.stats.gov.cn/sj/ndsj/2012/html/D0311e.xls	Province age structure is estimated from the NBS annual population sample survey for the corresponding year; sampling fractions differ across waves, so this variable is reserved for sensitivity adjustment.	official_nbs_excel_parsed	official_excel_parsed	TRUE	-0.8917726296197177	0.0959352950586762	-1.5024927806491906	-0.8184734045760789	1.3767506399460414	1.8338288534386598	-0.009635673539175674
宁夏回族自治区	2011	6390000	2880	1403	4.51	2.2	natcm_2011_extract_a86	http://www.natcm.gov.cn/2020tjzb/%E5%85%A8%E5%9B%BD%E4%B8%AD%E5%8C%BB%E8%8D%AF%E7%BB%9F%E8%AE%A1%E6%91%98%E7%BC%96/atog/2011/A86.xlsx	A86	6390000	25805	22037	17738	40.38341158059468	34.4866979655712	27.758998435054774	nhc_yearbook_2012_full_pdf	https://www.nhc.gov.cn/mohwsbwstjxxzx/tjtjnj/202605/e2ea85f22ed349e78ab5a776dcced4ea.shtml	3-1-3	scan_transcribed_twice_national_total_verified	33043	10.405565022544408	49.82	5463	299	5.47318323265605	nbs_yearbook_2014_z0315e	3-15	https://www.stats.gov.cn/sj/ndsj/2014/zk/html/Z0315E.xls	Per capita gross regional product at current prices; models include wave fixed effects and use the log value.	nbs_yearbook_2014_z0206e	2-6	https://www.stats.gov.cn/sj/ndsj/2014/zk/html/Z0206E.xls	Proportion of year-end usual-resident population living in urban areas (%).	nbs_yearbook_2012_d0311e	3-11	https://www.stats.gov.cn/sj/ndsj/2012/html/D0311e.xls	Province age structure is estimated from the NBS annual population sample survey for the corresponding year; sampling fractions differ across waves, so this variable is reserved for sensitivity adjustment.	official_nbs_excel_parsed	official_excel_parsed	TRUE	-0.6702385164154948	-0.8362081909100054	0.2502179713606918	-0.3421398694706122	-0.757995245403335	-0.4451706635362499	-1.9219196734412245
安徽省	2011	59680000	16970	8165	2.84	1.37	natcm_2011_extract_a86	http://www.natcm.gov.cn/2020tjzb/%E5%85%A8%E5%9B%BD%E4%B8%AD%E5%8C%BB%E8%8D%AF%E7%BB%9F%E8%AE%A1%E6%91%98%E7%BC%96/atog/2011/A86.xlsx	A86	59680000	204210	140997	107434	34.217493297587126	23.62550268096515	18.00167560321716	nhc_yearbook_2012_full_pdf	https://www.nhc.gov.cn/mohwsbwstjxxzx/tjtjnj/202605/e2ea85f22ed349e78ab5a776dcced4ea.shtml	3-1-3	scan_transcribed_twice_national_total_verified	25659	10.152649666248893	44.8	50989	5342	10.47676949930377	nbs_yearbook_2014_z0315e	3-15	https://www.stats.gov.cn/sj/ndsj/2014/zk/html/Z0315E.xls	Per capita gross regional product at current prices; models include wave fixed effects and use the log value.	nbs_yearbook_2014_z0206e	2-6	https://www.stats.gov.cn/sj/ndsj/2014/zk/html/Z0206E.xls	Proportion of year-end usual-resident population living in urban areas (%).	nbs_yearbook_2012_d0311e	3-11	https://www.stats.gov.cn/sj/ndsj/2012/html/D0311e.xls	Province age structure is estimated from the NBS annual population sample survey for the corresponding year; sampling fractions differ across waves, so this variable is reserved for sensitivity adjustment.	official_nbs_excel_parsed	official_excel_parsed	TRUE	-1.5725847823936707	-1.4756124002934812	-1.3710073191526462	-1.5218102033118066	-1.3279147968676481	-0.8180708452576988	0.3052361283792862
山东省	2011	96370000	40646	18781	4.22	1.95	natcm_2011_extract_a86	http://www.natcm.gov.cn/2020tjzb/%E5%85%A8%E5%9B%BD%E4%B8%AD%E5%8C%BB%E8%8D%AF%E7%BB%9F%E8%AE%A1%E6%91%98%E7%BC%96/atog/2011/A86.xlsx	A86	96370000	416148	280385	205041	43.18231814880149	29.094635259935664	21.27643457507523	nhc_yearbook_2012_full_pdf	https://www.nhc.gov.cn/mohwsbwstjxxzx/tjtjnj/202605/e2ea85f22ed349e78ab5a776dcced4ea.shtml	3-1-3	scan_transcribed_twice_national_total_verified	47335	10.765005258562992	50.95	82336	8854	10.753497862417412	nbs_yearbook_2014_z0315e	3-15	https://www.stats.gov.cn/sj/ndsj/2014/zk/html/Z0315E.xls	Per capita gross regional product at current prices; models include wave fixed effects and use the log value.	nbs_yearbook_2014_z0206e	2-6	https://www.stats.gov.cn/sj/ndsj/2014/zk/html/Z0206E.xls	Proportion of year-end usual-resident population living in urban areas (%).	nbs_yearbook_2012_d0311e	3-11	https://www.stats.gov.cn/sj/ndsj/2012/html/D0311e.xls	Province age structure is estimated from the NBS annual population sample survey for the corresponding year; sampling fractions differ across waves, so this variable is reserved for sensitivity adjustment.	official_nbs_excel_parsed	official_excel_parsed	TRUE	-0.8269333769745792	-1.0287998202423778	-0.8268906431943207	-0.9277896294988837	0.05196750691994199	-0.36123098119656105	0.4284112165245647
山西省	2011	35930000	13361	10999	3.72	3.06	natcm_2011_extract_a86	http://www.natcm.gov.cn/2020tjzb/%E5%85%A8%E5%9B%BD%E4%B8%AD%E5%8C%BB%E8%8D%AF%E7%BB%9F%E8%AE%A1%E6%91%98%E7%BC%96/atog/2011/A86.xlsx	A86	35930000	157132	110741	77940	43.73281380462009	30.821319231839688	21.69217923740607	nhc_yearbook_2012_full_pdf	https://www.nhc.gov.cn/mohwsbwstjxxzx/tjtjnj/202605/e2ea85f22ed349e78ab5a776dcced4ea.shtml	3-1-3	scan_transcribed_twice_national_total_verified	31357	10.353192806623015	49.68	30698	2384	7.765978239624731	nbs_yearbook_2014_z0315e	3-15	https://www.stats.gov.cn/sj/ndsj/2014/zk/html/Z0315E.xls	Per capita gross regional product at current prices; models include wave fixed effects and use the log value.	nbs_yearbook_2014_z0206e	2-6	https://www.stats.gov.cn/sj/ndsj/2014/zk/html/Z0206E.xls	Proportion of year-end usual-resident population living in urban areas (%).	nbs_yearbook_2012_d0311e	3-11	https://www.stats.gov.cn/sj/ndsj/2012/html/D0311e.xls	Province age structure is estimated from the NBS annual population sample survey for the corresponding year; sampling fractions differ across waves, so this variable is reserved for sensitivity adjustment.	official_nbs_excel_parsed	official_excel_parsed	TRUE	-1.0970969296626556	-0.17369298600664498	-0.7578127032119097	-0.7402487738012375	-0.8760108148978062	-0.4555702701978043	-0.9013693261447109
广东省	2011	105050000	31260	24190	2.98	2.3	natcm_2011_extract_a86	http://www.natcm.gov.cn/2020tjzb/%E5%85%A8%E5%9B%BD%E4%B8%AD%E5%8C%BB%E8%8D%AF%E7%BB%9F%E8%AE%A1%E6%91%98%E7%BC%96/atog/2011/A86.xlsx	A86	105050000	325038	246050	181693	30.941266063779153	23.42217991432651	17.29585911470728	nhc_yearbook_2012_full_pdf	https://www.nhc.gov.cn/mohwsbwstjxxzx/tjtjnj/202605/e2ea85f22ed349e78ab5a776dcced4ea.shtml	3-1-3	scan_transcribed_twice_national_total_verified	50807	10.835789419349268	66.5	89750	5884	6.555988857938718	nbs_yearbook_2014_z0315e	3-15	https://www.stats.gov.cn/sj/ndsj/2014/zk/html/Z0315E.xls	Per capita gross regional product at current prices; models include wave fixed effects and use the log value.	nbs_yearbook_2014_z0206e	2-6	https://www.stats.gov.cn/sj/ndsj/2014/zk/html/Z0206E.xls	Proportion of year-end usual-resident population living in urban areas (%).	nbs_yearbook_2012_d0311e	3-11	https://www.stats.gov.cn/sj/ndsj/2012/html/D0311e.xls	Province age structure is estimated from the NBS annual population sample survey for the corresponding year; sampling fractions differ across waves, so this variable is reserved for sensitivity adjustment.	official_nbs_excel_parsed	official_excel_parsed	TRUE	-1.4969389876410093	-0.7591715391770568	-1.4882820636040426	-1.5438937613100752	0.2114725593492468	0.7938681872832251	-1.439950001674602
广西壮族自治区	2011	46450000	18018	8299	3.88	1.79	natcm_2011_extract_a86	http://www.natcm.gov.cn/2020tjzb/%E5%85%A8%E5%9B%BD%E4%B8%AD%E5%8C%BB%E8%8D%AF%E7%BB%9F%E8%AE%A1%E6%91%98%E7%BC%96/atog/2011/A86.xlsx	A86	46450000	152039	95752	66828	32.731754574811625	20.61399354144241	14.387082884822387	nhc_yearbook_2012_full_pdf	https://www.nhc.gov.cn/mohwsbwstjxxzx/tjtjnj/202605/e2ea85f22ed349e78ab5a776dcced4ea.shtml	3-1-3	scan_transcribed_twice_national_total_verified	25326	10.139586815010556	41.8	39686	3786	9.539888121755782	nbs_yearbook_2014_z0315e	3-15	https://www.stats.gov.cn/sj/ndsj/2014/zk/html/Z0315E.xls	Per capita gross regional product at current prices; models include wave fixed effects and use the log value.	nbs_yearbook_2014_z0206e	2-6	https://www.stats.gov.cn/sj/ndsj/2014/zk/html/Z0206E.xls	Proportion of year-end usual-resident population living in urban areas (%).	nbs_yearbook_2012_d0311e	3-11	https://www.stats.gov.cn/sj/ndsj/2012/html/D0311e.xls	Province age structure is estimated from the NBS annual population sample survey for the corresponding year; sampling fractions differ across waves, so this variable is reserved for sensitivity adjustment.	official_nbs_excel_parsed	official_excel_parsed	TRUE	-1.0106445928024714	-1.152058463015096	-1.9715889777655877	-1.848900168909037	-1.357350630371957	-1.0409195594338634	-0.11178092387622598
新疆维吾尔自治区	2011	22090000	12779	4439	5.78	2.01	natcm_2011_extract_a86	http://www.natcm.gov.cn/2020tjzb/%E5%85%A8%E5%9B%BD%E4%B8%AD%E5%8C%BB%E8%8D%AF%E7%BB%9F%E8%AE%A1%E6%91%98%E7%BC%96/atog/2011/A86.xlsx	A86	22090000	125391	97436	75164	56.7636939791761	44.10864644635581	34.02625622453599	nhc_yearbook_2012_full_pdf	https://www.nhc.gov.cn/mohwsbwstjxxzx/tjtjnj/202605/e2ea85f22ed349e78ab5a776dcced4ea.shtml	3-1-3	scan_transcribed_twice_national_total_verified	30087	10.311848463756318	43.54	18871	1247	6.6080228922685595	nbs_yearbook_2014_z0315e	3-15	https://www.stats.gov.cn/sj/ndsj/2014/zk/html/Z0315E.xls	Per capita gross regional product at current prices; models include wave fixed effects and use the log value.	nbs_yearbook_2014_z0206e	2-6	https://www.stats.gov.cn/sj/ndsj/2014/zk/html/Z0206E.xls	Proportion of year-end usual-resident population living in urban areas (%).	nbs_yearbook_2012_d0311e	3-11	https://www.stats.gov.cn/sj/ndsj/2012/html/D0311e.xls	Province age structure is estimated from the NBS annual population sample survey for the corresponding year; sampling fractions differ across waves, so this variable is reserved for sensitivity adjustment.	official_nbs_excel_parsed	official_excel_parsed	TRUE	0.015976907412220034	-0.9825778292026086	1.2915524650109438	0.7029317712739134	-0.9691761714317254	-0.9116673052116878	-1.416789033666055
江苏省	2011	78990000	29633	13926	3.75	1.76	natcm_2011_extract_a86	http://www.natcm.gov.cn/2020tjzb/%E5%85%A8%E5%9B%BD%E4%B8%AD%E5%8C%BB%E8%8D%AF%E7%BB%9F%E8%AE%A1%E6%91%98%E7%BC%96/atog/2011/A86.xlsx	A86	78990000	296390	221674	149049	37.52247119888594	28.06355234839853	18.86935055070262	nhc_yearbook_2012_full_pdf	https://www.nhc.gov.cn/mohwsbwstjxxzx/tjtjnj/202605/e2ea85f22ed349e78ab5a776dcced4ea.shtml	3-1-3	scan_transcribed_twice_national_total_verified	62290	11.03955617824819	61.9	67485	7300	10.81721864117952	nbs_yearbook_2014_z0315e	3-15	https://www.stats.gov.cn/sj/ndsj/2014/zk/html/Z0315E.xls	Per capita gross regional product at current prices; models include wave fixed effects and use the log value.	nbs_yearbook_2014_z0206e	2-6	https://www.stats.gov.cn/sj/ndsj/2014/zk/html/Z0206E.xls	Proportion of year-end usual-resident population living in urban areas (%).	nbs_yearbook_2012_d0311e	3-11	https://www.stats.gov.cn/sj/ndsj/2012/html/D0311e.xls	Province age structure is estimated from the NBS annual population sample survey for the corresponding year; sampling fractions differ across waves, so this variable is reserved for sensitivity adjustment.	official_nbs_excel_parsed	official_excel_parsed	TRUE	-1.0808871165013711	-1.1751694585349806	-1.2268390269835803	-1.0397789539330846	0.6706406444192546	0.4521668255464393	0.4567740935798718
江西省	2011	44880000	15019	8264	3.35	1.84	natcm_2011_extract_a86	http://www.natcm.gov.cn/2020tjzb/%E5%85%A8%E5%9B%BD%E4%B8%AD%E5%8C%BB%E8%8D%AF%E7%BB%9F%E8%AE%A1%E6%91%98%E7%BC%96/atog/2011/A86.xlsx	A86	44880000	135570	87184	62603	30.207219251336895	19.42602495543672	13.94897504456328	nhc_yearbook_2012_full_pdf	https://www.nhc.gov.cn/mohwsbwstjxxzx/tjtjnj/202605/e2ea85f22ed349e78ab5a776dcced4ea.shtml	3-1-3	scan_transcribed_twice_national_total_verified	26150	10.171604469493069	45.7	38348	2923	7.6223010326483776	nbs_yearbook_2014_z0315e	3-15	https://www.stats.gov.cn/sj/ndsj/2014/zk/html/Z0315E.xls	Per capita gross regional product at current prices; models include wave fixed effects and use the log value.	nbs_yearbook_2014_z0206e	2-6	https://www.stats.gov.cn/sj/ndsj/2014/zk/html/Z0206E.xls	Proportion of year-end usual-resident population living in urban areas (%).	nbs_yearbook_2012_d0311e	3-11	https://www.stats.gov.cn/sj/ndsj/2012/html/D0311e.xls	Province age structure is estimated from the NBS annual population sample survey for the corresponding year; sampling fractions differ across waves, so this variable is reserved for sensitivity adjustment.	official_nbs_excel_parsed	official_excel_parsed	TRUE	-1.2970179586518324	-1.1135401371486215	-2.044382665423709	-1.9779293652105208	-1.285202036672918	-0.751216231004849	-0.9653217610691793
河北省	2011	72410000	27686	16673	3.82	2.3	natcm_2011_extract_a86	http://www.natcm.gov.cn/2020tjzb/%E5%85%A8%E5%9B%BD%E4%B8%AD%E5%8C%BB%E8%8D%AF%E7%BB%9F%E8%AE%A1%E6%91%98%E7%BC%96/atog/2011/A86.xlsx	A86	72410000	266479	187504	141006	36.80140864521475	25.8947659163099	19.473277171661373	nhc_yearbook_2012_full_pdf	https://www.nhc.gov.cn/mohwsbwstjxxzx/tjtjnj/202605/e2ea85f22ed349e78ab5a776dcced4ea.shtml	3-1-3	scan_transcribed_twice_national_total_verified	33969	10.43320362298215	45.6	61861	5053	8.168312830377783	nbs_yearbook_2014_z0315e	3-15	https://www.stats.gov.cn/sj/ndsj/2014/zk/html/Z0315E.xls	Per capita gross regional product at current prices; models include wave fixed effects and use the log value.	nbs_yearbook_2014_z0206e	2-6	https://www.stats.gov.cn/sj/ndsj/2014/zk/html/Z0206E.xls	Proportion of year-end usual-resident population living in urban areas (%).	nbs_yearbook_2012_d0311e	3-11	https://www.stats.gov.cn/sj/ndsj/2012/html/D0311e.xls	Province age structure is estimated from the NBS annual population sample survey for the corresponding year; sampling fractions differ across waves, so this variable is reserved for sensitivity adjustment.	official_nbs_excel_parsed	official_excel_parsed	TRUE	-1.0430642191250405	-0.7591715391770568	-1.1264937654413631	-1.275338019701696	-0.6957144136053075	-0.758644521477388	-0.7222854110653215
河南省	2011	93880000	37025	19293	3.94	2.06	natcm_2011_extract_a86	http://www.natcm.gov.cn/2020tjzb/%E5%85%A8%E5%9B%BD%E4%B8%AD%E5%8C%BB%E8%8D%AF%E7%BB%9F%E8%AE%A1%E6%91%98%E7%BC%96/atog/2011/A86.xlsx	A86	93880000	349612	239793	177661	37.24030677460589	25.542501065189605	18.92426501917341	nhc_yearbook_2012_full_pdf	https://www.nhc.gov.cn/mohwsbwstjxxzx/tjtjnj/202605/e2ea85f22ed349e78ab5a776dcced4ea.shtml	3-1-3	scan_transcribed_twice_national_total_verified	28661	10.263292592608767	40.57	80208	7057	8.798374227009774	nbs_yearbook_2014_z0315e	3-15	https://www.stats.gov.cn/sj/ndsj/2014/zk/html/Z0315E.xls	Per capita gross regional product at current prices; models include wave fixed effects and use the log value.	nbs_yearbook_2014_z0206e	2-6	https://www.stats.gov.cn/sj/ndsj/2014/zk/html/Z0206E.xls	Proportion of year-end usual-resident population living in urban areas (%).	nbs_yearbook_2012_d0311e	3-11	https://www.stats.gov.cn/sj/ndsj/2012/html/D0311e.xls	Province age structure is estimated from the NBS annual population sample survey for the corresponding year; sampling fractions differ across waves, so this variable is reserved for sensitivity adjustment.	official_nbs_excel_parsed	official_excel_parsed	TRUE	-0.9782249664799021	-0.944059503336134	-1.217714728583875	-1.313598669992238	-1.0785919882911694	-1.1322875322460906	-0.4418375842004893
浙江省	2011	54630000	26321	14681	4.82	2.69	natcm_2011_extract_a86	http://www.natcm.gov.cn/2020tjzb/%E5%85%A8%E5%9B%BD%E4%B8%AD%E5%8C%BB%E8%8D%AF%E7%BB%9F%E8%AE%A1%E6%91%98%E7%BC%96/atog/2011/A86.xlsx	A86	54630000	194759	162905	112954	35.650558301299654	29.819696137653303	20.67618524620172	nhc_yearbook_2012_full_pdf	https://www.nhc.gov.cn/mohwsbwstjxxzx/tjtjnj/202605/e2ea85f22ed349e78ab5a776dcced4ea.shtml	3-1-3	scan_transcribed_twice_national_total_verified	59249	10.989504181217818	62.3	46674	3999	8.567939323820543	nbs_yearbook_2014_z0315e	3-15	https://www.stats.gov.cn/sj/ndsj/2014/zk/html/Z0315E.xls	Per capita gross regional product at current prices; models include wave fixed effects and use the log value.	nbs_yearbook_2014_z0206e	2-6	https://www.stats.gov.cn/sj/ndsj/2014/zk/html/Z0206E.xls	Proportion of year-end usual-resident population living in urban areas (%).	nbs_yearbook_2012_d0311e	3-11	https://www.stats.gov.cn/sj/ndsj/2012/html/D0311e.xls	Province age structure is estimated from the NBS annual population sample survey for the corresponding year; sampling fractions differ across waves, so this variable is reserved for sensitivity adjustment.	official_nbs_excel_parsed	official_excel_parsed	TRUE	-0.5027371137488871	-0.458728597418556	-0.9266249052818771	-0.8490383700601875	0.5578534569773311	0.48187998743659444	-0.5444069023315193
海南省	2011	8770000	2639	1303	3.01	1.49	natcm_2011_extract_a86	http://www.natcm.gov.cn/2020tjzb/%E5%85%A8%E5%9B%BD%E4%B8%AD%E5%8C%BB%E8%8D%AF%E7%BB%9F%E8%AE%A1%E6%91%98%E7%BC%96/atog/2011/A86.xlsx	A86	8770000	28465	21367	16845	32.45724059293045	24.363740022805015	19.207525655644243	nhc_yearbook_2012_full_pdf	https://www.nhc.gov.cn/mohwsbwstjxxzx/tjtjnj/202605/e2ea85f22ed349e78ab5a776dcced4ea.shtml	3-1-3	scan_transcribed_twice_national_total_verified	28898	10.271527667553556	50.5	7496	516	6.883671291355389	nbs_yearbook_2014_z0315e	3-15	https://www.stats.gov.cn/sj/ndsj/2014/zk/html/Z0315E.xls	Per capita gross regional product at current prices; models include wave fixed effects and use the log value.	nbs_yearbook_2014_z0206e	2-6	https://www.stats.gov.cn/sj/ndsj/2014/zk/html/Z0206E.xls	Proportion of year-end usual-resident population living in urban areas (%).	nbs_yearbook_2012_d0311e	3-11	https://www.stats.gov.cn/sj/ndsj/2012/html/D0311e.xls	Province age structure is estimated from the NBS annual population sample survey for the corresponding year; sampling fractions differ across waves, so this variable is reserved for sensitivity adjustment.	official_nbs_excel_parsed	official_excel_parsed	TRUE	-1.4807291744797246	-1.3831684182139428	-1.1706496354668392	-1.441627804535072	-1.0600350675586643	-0.39465828832298594	-1.2940946503632416
湖北省	2011	57580000	23160	11522	4.02	2	natcm_2011_extract_a86	http://www.natcm.gov.cn/2020tjzb/%E5%85%A8%E5%9B%BD%E4%B8%AD%E5%8C%BB%E8%8D%AF%E7%BB%9F%E8%AE%A1%E6%91%98%E7%BC%96/atog/2011/A86.xlsx	A86	57580000	223980	152062	114013	38.89892323723515	26.408822507815213	19.80079888850295	nhc_yearbook_2012_full_pdf	https://www.nhc.gov.cn/mohwsbwstjxxzx/tjtjnj/202605/e2ea85f22ed349e78ab5a776dcced4ea.shtml	3-1-3	scan_transcribed_twice_national_total_verified	34197	10.439893199904889	51.83	49190	4974	10.11181134376906	nbs_yearbook_2014_z0315e	3-15	https://www.stats.gov.cn/sj/ndsj/2014/zk/html/Z0315E.xls	Per capita gross regional product at current prices; models include wave fixed effects and use the log value.	nbs_yearbook_2014_z0206e	2-6	https://www.stats.gov.cn/sj/ndsj/2014/zk/html/Z0206E.xls	Proportion of year-end usual-resident population living in urban areas (%).	nbs_yearbook_2012_d0311e	3-11	https://www.stats.gov.cn/sj/ndsj/2012/html/D0311e.xls	Province age structure is estimated from the NBS annual population sample survey for the corresponding year; sampling fractions differ across waves, so this variable is reserved for sensitivity adjustment.	official_nbs_excel_parsed	official_excel_parsed	TRUE	-0.93499879804981	-0.9902814943759033	-1.0720744846932329	-1.2195046335021278	-0.6806401186509176	-0.2958620250382198	0.14278890948374584
湖南省	2011	65960000	33428	14489	5.07	2.2	natcm_2011_extract_a86	http://www.natcm.gov.cn/2020tjzb/%E5%85%A8%E5%9B%BD%E4%B8%AD%E5%8C%BB%E8%8D%AF%E7%BB%9F%E8%AE%A1%E6%91%98%E7%BC%96/atog/2011/A86.xlsx	A86	65960000	257687	168428	113815	39.06716191631292	25.53486961795027	17.25515463917526	nhc_yearbook_2012_full_pdf	https://www.nhc.gov.cn/mohwsbwstjxxzx/tjtjnj/202605/e2ea85f22ed349e78ab5a776dcced4ea.shtml	3-1-3	scan_transcribed_twice_national_total_verified	29880	10.304944639246754	45.1	56351	5906	10.480736810349416	nbs_yearbook_2014_z0315e	3-15	https://www.stats.gov.cn/sj/ndsj/2014/zk/html/Z0315E.xls	Per capita gross regional product at current prices; models include wave fixed effects and use the log value.	nbs_yearbook_2014_z0206e	2-6	https://www.stats.gov.cn/sj/ndsj/2014/zk/html/Z0206E.xls	Proportion of year-end usual-resident population living in urban areas (%).	nbs_yearbook_2012_d0311e	3-11	https://www.stats.gov.cn/sj/ndsj/2012/html/D0311e.xls	Province age structure is estimated from the NBS annual population sample survey for the corresponding year; sampling fractions differ across waves, so this variable is reserved for sensitivity adjustment.	official_nbs_excel_parsed	official_excel_parsed	TRUE	-0.36765533740484874	-0.8362081909100054	-1.495045304536716	-1.3144275467112927	-0.9847332519724645	-0.7957859738400821	0.3070020257461074
甘肃省	2011	25640000	12153	8294	4.74	3.23	natcm_2011_extract_a86	http://www.natcm.gov.cn/2020tjzb/%E5%85%A8%E5%9B%BD%E4%B8%AD%E5%8C%BB%E8%8D%AF%E7%BB%9F%E8%AE%A1%E6%91%98%E7%BC%96/atog/2011/A86.xlsx	A86	25640000	94907	66661	50719	37.01521060842434	25.99882995319813	19.78120124804992	nhc_yearbook_2012_full_pdf	https://www.nhc.gov.cn/mohwsbwstjxxzx/tjtjnj/202605/e2ea85f22ed349e78ab5a776dcced4ea.shtml	3-1-3	scan_transcribed_twice_national_total_verified	19595	9.883029710633732	37.15	21908	1951	8.905422676647799	nbs_yearbook_2014_z0315e	3-15	https://www.stats.gov.cn/sj/ndsj/2014/zk/html/Z0315E.xls	Per capita gross regional product at current prices; models include wave fixed effects and use the log value.	nbs_yearbook_2014_z0206e	2-6	https://www.stats.gov.cn/sj/ndsj/2014/zk/html/Z0206E.xls	Proportion of year-end usual-resident population living in urban areas (%).	nbs_yearbook_2012_d0311e	3-11	https://www.stats.gov.cn/sj/ndsj/2012/html/D0311e.xls	Province age structure is estimated from the NBS annual population sample survey for the corresponding year; sampling fractions differ across waves, so this variable is reserved for sensitivity adjustment.	official_nbs_excel_parsed	official_excel_parsed	TRUE	-0.5459632821789794	-0.04273067806063193	-1.0753307252506497	-1.2640352805537503	-1.935476498223878	-1.3863350664069183	-0.39418904513633723
福建省	2011	37200000	13885	9260	3.73	2.49	natcm_2011_extract_a86	http://www.natcm.gov.cn/2020tjzb/%E5%85%A8%E5%9B%BD%E4%B8%AD%E5%8C%BB%E8%8D%AF%E7%BB%9F%E8%AE%A1%E6%91%98%E7%BC%96/atog/2011/A86.xlsx	A86	37200000	124232	89947	64603	33.39569892473118	24.179301075268818	17.366397849462366	nhc_yearbook_2012_full_pdf	https://www.nhc.gov.cn/mohwsbwstjxxzx/tjtjnj/202605/e2ea85f22ed349e78ab5a776dcced4ea.shtml	3-1-3	scan_transcribed_twice_national_total_verified	47377	10.76589215785248	58.1	31783	2438	7.670767391372745	nbs_yearbook_2014_z0315e	3-15	https://www.stats.gov.cn/sj/ndsj/2014/zk/html/Z0315E.xls	Per capita gross regional product at current prices; models include wave fixed effects and use the log value.	nbs_yearbook_2014_z0206e	2-6	https://www.stats.gov.cn/sj/ndsj/2014/zk/html/Z0206E.xls	Proportion of year-end usual-resident population living in urban areas (%).	nbs_yearbook_2012_d0311e	3-11	https://www.stats.gov.cn/sj/ndsj/2012/html/D0311e.xls	Province age structure is estimated from the NBS annual population sample survey for the corresponding year; sampling fractions differ across waves, so this variable is reserved for sensitivity adjustment.	official_nbs_excel_parsed	official_excel_parsed	TRUE	-1.0916936586088943	-0.6128019008844535	-1.4765617195387002	-1.4616603284987766	0.05396604608602078	0.16989178758996437	-0.9437488079364239
西藏自治区	2011	3030000	929	777	3.07	2.56	natcm_2011_extract_a86	http://www.natcm.gov.cn/2020tjzb/%E5%85%A8%E5%9B%BD%E4%B8%AD%E5%8C%BB%E8%8D%AF%E7%BB%9F%E8%AE%A1%E6%91%98%E7%BC%96/atog/2011/A86.xlsx	A86	3030000	9592	6314	5280	31.65676567656766	20.83828382838284	17.425742574257427	nhc_yearbook_2012_full_pdf	https://www.nhc.gov.cn/mohwsbwstjxxzx/tjtjnj/202605/e2ea85f22ed349e78ab5a776dcced4ea.shtml	3-1-3	scan_transcribed_twice_national_total_verified	20077	9.90733016025358	22.71	2591	125	4.824392126592049	nbs_yearbook_2014_z0315e	3-15	https://www.stats.gov.cn/sj/ndsj/2014/zk/html/Z0315E.xls	Per capita gross regional product at current prices; models include wave fixed effects and use the log value.	nbs_yearbook_2014_z0206e	2-6	https://www.stats.gov.cn/sj/ndsj/2014/zk/html/Z0206E.xls	Proportion of year-end usual-resident population living in urban areas (%).	nbs_yearbook_2012_d0311e	3-11	https://www.stats.gov.cn/sj/ndsj/2012/html/D0311e.xls	Province age structure is estimated from the NBS annual population sample survey for the corresponding year; sampling fractions differ across waves, so this variable is reserved for sensitivity adjustment.	official_nbs_excel_parsed	official_excel_parsed	TRUE	-1.4483095481571555	-0.5588762446713895	-1.466701313118368	-1.8245392591989094	-1.8807178566349405	-2.4589802106415237	-2.2107043169021776
贵州省	2011	34690000	10142	5208	2.92	1.5	natcm_2011_extract_a86	http://www.natcm.gov.cn/2020tjzb/%E5%85%A8%E5%9B%BD%E4%B8%AD%E5%8C%BB%E8%8D%AF%E7%BB%9F%E8%AE%A1%E6%91%98%E7%BC%96/atog/2011/A86.xlsx	A86	34690000	117534	78368	62005	33.881233784952435	22.590948400115305	17.87402709714615	nhc_yearbook_2012_full_pdf	https://www.nhc.gov.cn/mohwsbwstjxxzx/tjtjnj/202605/e2ea85f22ed349e78ab5a776dcced4ea.shtml	3-1-3	scan_transcribed_twice_national_total_verified	16413	9.705828982731935	34.96	29636	2698	9.103792684572817	nbs_yearbook_2014_z0315e	3-15	https://www.stats.gov.cn/sj/ndsj/2014/zk/html/Z0315E.xls	Per capita gross regional product at current prices; models include wave fixed effects and use the log value.	nbs_yearbook_2014_z0206e	2-6	https://www.stats.gov.cn/sj/ndsj/2014/zk/html/Z0206E.xls	Proportion of year-end usual-resident population living in urban areas (%).	nbs_yearbook_2012_d0311e	3-11	https://www.stats.gov.cn/sj/ndsj/2012/html/D0311e.xls	Province age structure is estimated from the NBS annual population sample survey for the corresponding year; sampling fractions differ across waves, so this variable is reserved for sensitivity adjustment.	official_nbs_excel_parsed	official_excel_parsed	TRUE	-1.5293586139635784	-1.3754647530406479	-1.3922167215579153	-1.634176564645603	-2.334780679844788	-1.5490146277555183	-0.30589219353565933
辽宁省	2011	43830000	17232	9329	3.93	2.13	natcm_2011_extract_a86	http://www.natcm.gov.cn/2020tjzb/%E5%85%A8%E5%9B%BD%E4%B8%AD%E5%8C%BB%E8%8D%AF%E7%BB%9F%E8%AE%A1%E6%91%98%E7%BC%96/atog/2011/A86.xlsx	A86	43830000	215815	171032	119186	49.23910563540954	39.0216746520648	27.192790326260553	nhc_yearbook_2012_full_pdf	https://www.nhc.gov.cn/mohwsbwstjxxzx/tjtjnj/202605/e2ea85f22ed349e78ab5a776dcced4ea.shtml	3-1-3	scan_transcribed_twice_national_total_verified	50760	10.834863921828324	64.05	37447	4034	10.772558549416509	nbs_yearbook_2014_z0315e	3-15	https://www.stats.gov.cn/sj/ndsj/2014/zk/html/Z0315E.xls	Per capita gross regional product at current prices; models include wave fixed effects and use the log value.	nbs_yearbook_2014_z0206e	2-6	https://www.stats.gov.cn/sj/ndsj/2014/zk/html/Z0206E.xls	Proportion of year-end usual-resident population living in urban areas (%).	nbs_yearbook_2012_d0311e	3-11	https://www.stats.gov.cn/sj/ndsj/2012/html/D0311e.xls	Province age structure is estimated from the NBS annual population sample survey for the corresponding year; sampling fractions differ across waves, so this variable is reserved for sensitivity adjustment.	official_nbs_excel_parsed	official_excel_parsed	TRUE	-0.9836282375336636	-0.8901338471230699	0.156139818829375	0.15041894395026073	0.20938704291503918	0.6118750707060238	0.43689535517521405
重庆市	2011	29190000	10395	9651	3.56	3.31	natcm_2011_extract_a86	http://www.natcm.gov.cn/2020tjzb/%E5%85%A8%E5%9B%BD%E4%B8%AD%E5%8C%BB%E8%8D%AF%E7%BB%9F%E8%AE%A1%E6%91%98%E7%BC%96/atog/2011/A86.xlsx	A86	29190000	115627	74827	52318	39.6118533744433	25.63446385748544	17.92326139088729	nhc_yearbook_2012_full_pdf	https://www.nhc.gov.cn/mohwsbwstjxxzx/tjtjnj/202605/e2ea85f22ed349e78ab5a776dcced4ea.shtml	3-1-3	scan_transcribed_twice_national_total_verified	34500	10.448714603019452	55.02	24939	3097	12.418300653594772	nbs_yearbook_2014_z0315e	3-15	https://www.stats.gov.cn/sj/ndsj/2014/zk/html/Z0315E.xls	Per capita gross regional product at current prices; models include wave fixed effects and use the log value.	nbs_yearbook_2014_z0206e	2-6	https://www.stats.gov.cn/sj/ndsj/2014/zk/html/Z0206E.xls	Proportion of year-end usual-resident population living in urban areas (%).	nbs_yearbook_2012_d0311e	3-11	https://www.stats.gov.cn/sj/ndsj/2012/html/D0311e.xls	Province age structure is estimated from the NBS annual population sample survey for the corresponding year; sampling fractions differ across waves, so this variable is reserved for sensitivity adjustment.	official_nbs_excel_parsed	official_excel_parsed	TRUE	-1.1835492665228402	0.01889864332572724	-1.384036211027583	-1.3036102870338397	-0.66076196581759	-0.058899558964231116	1.1694347539765841
陕西省	2011	37430000	17861	8862	4.77	2.37	natcm_2011_extract_a86	http://www.natcm.gov.cn/2020tjzb/%E5%85%A8%E5%9B%BD%E4%B8%AD%E5%8C%BB%E8%8D%AF%E7%BB%9F%E8%AE%A1%E6%91%98%E7%BC%96/atog/2011/A86.xlsx	A86	37430000	153847	114339	88081	41.10259150414106	30.547421854127705	23.53219342773177	nhc_yearbook_2012_full_pdf	https://www.nhc.gov.cn/mohwsbwstjxxzx/tjtjnj/202605/e2ea85f22ed349e78ab5a776dcced4ea.shtml	3-1-3	scan_transcribed_twice_national_total_verified	33464	10.418225513122035	47.3	31976	2715	8.490743057292969	nbs_yearbook_2014_z0315e	3-15	https://www.stats.gov.cn/sj/ndsj/2014/zk/html/Z0315E.xls	Per capita gross regional product at current prices; models include wave fixed effects and use the log value.	nbs_yearbook_2014_z0206e	2-6	https://www.stats.gov.cn/sj/ndsj/2014/zk/html/Z0206E.xls	Proportion of year-end usual-resident population living in urban areas (%).	nbs_yearbook_2012_d0311e	3-11	https://www.stats.gov.cn/sj/ndsj/2012/html/D0311e.xls	Province age structure is estimated from the NBS annual population sample survey for the corresponding year; sampling fractions differ across waves, so this variable is reserved for sensitivity adjustment.	official_nbs_excel_parsed	official_excel_parsed	TRUE	-0.5297534690176952	-0.7052458829639924	-0.45208565167623366	-0.7699976736724768	-0.729466091551212	-0.6323635834442284	-0.5787678793814777
青海省	2011	5680000	3040	1313	5.35	2.31	natcm_2011_extract_a86	http://www.natcm.gov.cn/2020tjzb/%E5%85%A8%E5%9B%BD%E4%B8%AD%E5%8C%BB%E8%8D%AF%E7%BB%9F%E8%AE%A1%E6%91%98%E7%BC%96/atog/2011/A86.xlsx	A86	5680000	23117	18586	14123	40.69894366197183	32.72183098591549	24.86443661971831	nhc_yearbook_2012_full_pdf	https://www.nhc.gov.cn/mohwsbwstjxxzx/tjtjnj/202605/e2ea85f22ed349e78ab5a776dcced4ea.shtml	3-1-3	scan_transcribed_twice_national_total_verified	29522	10.292891027096942	46.22	4854	288	5.933250927070458	nbs_yearbook_2014_z0315e	3-15	https://www.stats.gov.cn/sj/ndsj/2014/zk/html/Z0315E.xls	Per capita gross regional product at current prices; models include wave fixed effects and use the log value.	nbs_yearbook_2014_z0206e	2-6	https://www.stats.gov.cn/sj/ndsj/2014/zk/html/Z0206E.xls	Proportion of year-end usual-resident population living in urban areas (%).	nbs_yearbook_2012_d0311e	3-11	https://www.stats.gov.cn/sj/ndsj/2012/html/D0311e.xls	Province age structure is estimated from the NBS annual population sample survey for the corresponding year; sampling fractions differ across waves, so this variable is reserved for sensitivity adjustment.	official_nbs_excel_parsed	official_excel_parsed	TRUE	-0.2163637478995262	-0.7514678740037617	-0.2307271506624851	-0.5338279078973397	-1.0118948657651785	-0.7125891205476474	-1.717138066761398
黑龙江省	2011	38340000	15054	7692	3.93	2.01	natcm_2011_extract_a86	http://www.natcm.gov.cn/2020tjzb/%E5%85%A8%E5%9B%BD%E4%B8%AD%E5%8C%BB%E8%8D%AF%E7%BB%9F%E8%AE%A1%E6%91%98%E7%BC%96/atog/2011/A86.xlsx	A86	38340000	165255	129449	95957	43.10250391236307	33.763432446531034	25.02790818988002	nhc_yearbook_2012_full_pdf	https://www.nhc.gov.cn/mohwsbwstjxxzx/tjtjnj/202605/e2ea85f22ed349e78ab5a776dcced4ea.shtml	3-1-3	scan_transcribed_twice_national_total_verified	32819	10.398762894953803	56.5	32757	2618	7.992184876514943	nbs_yearbook_2014_z0315e	3-15	https://www.stats.gov.cn/sj/ndsj/2014/zk/html/Z0315E.xls	Per capita gross regional product at current prices; models include wave fixed effects and use the log value.	nbs_yearbook_2014_z0206e	2-6	https://www.stats.gov.cn/sj/ndsj/2014/zk/html/Z0206E.xls	Proportion of year-end usual-resident population living in urban areas (%).	nbs_yearbook_2012_d0311e	3-11	https://www.stats.gov.cn/sj/ndsj/2012/html/D0311e.xls	Province age structure is estimated from the NBS annual population sample survey for the corresponding year; sampling fractions differ across waves, so this variable is reserved for sensitivity adjustment.	official_nbs_excel_parsed	official_excel_parsed	TRUE	-0.9836282375336636	-0.9825778292026086	-0.20356557689951332	-0.42069612906675735	-0.7733231620716732	0.05103914002934317	-0.8006820596697645
上海市	2013	24150000	8675	6368	3.5921325051759836	2.6368530020703935	natcm_2013_extract_a95	http://www.natcm.gov.cn/2020tjzb/%E5%85%A8%E5%9B%BD%E4%B8%AD%E5%8C%BB%E8%8D%AF%E7%BB%9F%E8%AE%A1%E6%91%98%E7%BC%96/atog/2013/A95.xls	A95	24150000	114314	94722	56935	47.33498964803313	39.22236024844721	23.575569358178058	nhc_yearbook_2014_full_pdf	https://www.nhc.gov.cn/mohwsbwstjxxzx/c100228/201506/a2f73d0edf1d4e678eb5978af952a60f.shtml	3-1-3	scan_transcribed_twice_national_total_verified	90092	11.408586649421268	89.6	19932	2121	10.64118001204094	nbs_yearbook_2014_z0315e	3-15	https://www.stats.gov.cn/sj/ndsj/2014/zk/html/Z0315E.xls	Per capita gross regional product at current prices; models include wave fixed effects and use the log value.	nbs_yearbook_2014_z0206e	2-6	https://www.stats.gov.cn/sj/ndsj/2014/zk/html/Z0206E.xls	Proportion of year-end usual-resident population living in urban areas (%).	nbs_yearbook_2014_z0211e	2-11	https://www.stats.gov.cn/sj/ndsj/2014/zk/html/Z0211E.xls	Province age structure is estimated from the NBS annual population sample survey for the corresponding year; sampling fractions differ across waves, so this variable is reserved for sensitivity adjustment.	official_nbs_excel_parsed	official_excel_parsed	TRUE	-1.1661872030126168	-0.49967126512010446	-0.4448785358872989	0.17221607016684726	1.5022140359608969	2.5098032864396917	0.378417204473372
云南省	2013	46870000	22178	9155	4.731811393215276	1.9532750160017067	natcm_2013_extract_a95	http://www.natcm.gov.cn/2020tjzb/%E5%85%A8%E5%9B%BD%E4%B8%AD%E5%8C%BB%E8%8D%AF%E7%BB%9F%E8%AE%A1%E6%91%98%E7%BC%96/atog/2013/A95.xls	A95	46870000	210125	156074	115475	44.83144868786004	33.29933859611692	24.63729464476211	nhc_yearbook_2014_full_pdf	https://www.nhc.gov.cn/mohwsbwstjxxzx/c100228/201506/a2f73d0edf1d4e678eb5978af952a60f.shtml	3-1-3	scan_transcribed_twice_national_total_verified	25083	10.129945604818168	40.48	38680	3099	8.011892450879007	nbs_yearbook_2014_z0315e	3-15	https://www.stats.gov.cn/sj/ndsj/2014/zk/html/Z0315E.xls	Per capita gross regional product at current prices; models include wave fixed effects and use the log value.	nbs_yearbook_2014_z0206e	2-6	https://www.stats.gov.cn/sj/ndsj/2014/zk/html/Z0206E.xls	Proportion of year-end usual-resident population living in urban areas (%).	nbs_yearbook_2014_z0211e	2-11	https://www.stats.gov.cn/sj/ndsj/2014/zk/html/Z0211E.xls	Province age structure is estimated from the NBS annual population sample survey for the corresponding year; sampling fractions differ across waves, so this variable is reserved for sensitivity adjustment.	official_nbs_excel_parsed	official_excel_parsed	TRUE	-0.550387808380033	-1.0262768575709447	-0.2684678630159357	-0.4711028967479926	-1.3790761367583655	-1.138972993671376	-0.7919099837534759
内蒙古自治区	2013	24980000	15254	10822	6.10648518815052	4.33226581265012	natcm_2013_extract_a95	http://www.natcm.gov.cn/2020tjzb/%E5%85%A8%E5%9B%BD%E4%B8%AD%E5%8C%BB%E8%8D%AF%E7%BB%9F%E8%AE%A1%E6%91%98%E7%BC%96/atog/2013/A95.xls	A95	24980000	120065	91604	66056	48.064451561249	36.67093674939952	26.4435548438751	nhc_yearbook_2014_full_pdf	https://www.nhc.gov.cn/mohwsbwstjxxzx/c100228/201506/a2f73d0edf1d4e678eb5978af952a60f.shtml	3-1-3	scan_transcribed_twice_national_total_verified	67498	11.119853246792026	58.71	20613	1762	8.548003686993646	nbs_yearbook_2014_z0315e	3-15	https://www.stats.gov.cn/sj/ndsj/2014/zk/html/Z0315E.xls	Per capita gross regional product at current prices; models include wave fixed effects and use the log value.	nbs_yearbook_2014_z0206e	2-6	https://www.stats.gov.cn/sj/ndsj/2014/zk/html/Z0206E.xls	Proportion of year-end usual-resident population living in urban areas (%).	nbs_yearbook_2014_z0211e	2-11	https://www.stats.gov.cn/sj/ndsj/2014/zk/html/Z0211E.xls	Province age structure is estimated from the NBS annual population sample survey for the corresponding year; sampling fractions differ across waves, so this variable is reserved for sensitivity adjustment.	official_nbs_excel_parsed	official_excel_parsed	TRUE	0.19238570407377925	0.806417997202	0.031650803396798925	-0.10490247268430654	0.8515820864838908	0.21520435947245112	-0.5532804915644992
北京市	2013	21150000	17265	14033	8.163120567375886	6.634988179669031	natcm_2013_extract_a95	http://www.natcm.gov.cn/2020tjzb/%E5%85%A8%E5%9B%BD%E4%B8%AD%E5%8C%BB%E8%8D%AF%E7%BB%9F%E8%AE%A1%E6%91%98%E7%BC%96/atog/2013/A95.xls	A95	21150000	104011	96558	58592	49.17777777777778	45.65390070921986	27.703073286052007	nhc_yearbook_2014_full_pdf	https://www.nhc.gov.cn/mohwsbwstjxxzx/c100228/201506/a2f73d0edf1d4e678eb5978af952a60f.shtml	3-1-3	scan_transcribed_twice_national_total_verified	93213	11.442642475925098	86.3	17454	1498	8.582559871662657	nbs_yearbook_2014_z0315e	3-15	https://www.stats.gov.cn/sj/ndsj/2014/zk/html/Z0315E.xls	Per capita gross regional product at current prices; models include wave fixed effects and use the log value.	nbs_yearbook_2014_z0206e	2-6	https://www.stats.gov.cn/sj/ndsj/2014/zk/html/Z0206E.xls	Proportion of year-end usual-resident population living in urban areas (%).	nbs_yearbook_2014_z0211e	2-11	https://www.stats.gov.cn/sj/ndsj/2014/zk/html/Z0211E.xls	Province age structure is estimated from the NBS annual population sample survey for the corresponding year; sampling fractions differ across waves, so this variable is reserved for sensitivity adjustment.	official_nbs_excel_parsed	official_excel_parsed	TRUE	1.3036415453448083	2.580358207459075	0.24092574361527258	0.8707669463513753	1.5789554471986178	2.264669700845911	-0.5378991224678229
吉林省	2013	27510000	14060	7876	5.110868774990912	2.8629589240276263	natcm_2013_extract_a95	http://www.natcm.gov.cn/2020tjzb/%E5%85%A8%E5%9B%BD%E4%B8%AD%E5%8C%BB%E8%8D%AF%E7%BB%9F%E8%AE%A1%E6%91%98%E7%BC%96/atog/2013/A95.xls	A95	27510000	133245	106342	74739	48.43511450381679	38.655761541257725	27.16793893129771	nhc_yearbook_2014_full_pdf	https://www.nhc.gov.cn/mohwsbwstjxxzx/c100228/201506/a2f73d0edf1d4e678eb5978af952a60f.shtml	3-1-3	scan_transcribed_twice_national_total_verified	47191	10.76195847542619	54.2	22707	2193	9.657814770775532	nbs_yearbook_2014_z0315e	3-15	https://www.stats.gov.cn/sj/ndsj/2014/zk/html/Z0315E.xls	Per capita gross regional product at current prices; models include wave fixed effects and use the log value.	nbs_yearbook_2014_z0206e	2-6	https://www.stats.gov.cn/sj/ndsj/2014/zk/html/Z0206E.xls	Proportion of year-end usual-resident population living in urban areas (%).	nbs_yearbook_2014_z0211e	2-11	https://www.stats.gov.cn/sj/ndsj/2014/zk/html/Z0211E.xls	Province age structure is estimated from the NBS annual population sample survey for the corresponding year; sampling fractions differ across waves, so this variable is reserved for sensitivity adjustment.	official_nbs_excel_parsed	official_excel_parsed	TRUE	-0.34557283051373994	-0.3254868334743378	0.15201064213688756	0.11067591104535957	0.045101884744332375	-0.11981154083904945	-0.059290368790912845
四川省	2013	81070000	47053	34367	5.8039965461946466	4.239176020722832	natcm_2013_extract_a95	http://www.natcm.gov.cn/2020tjzb/%E5%85%A8%E5%9B%BD%E4%B8%AD%E5%8C%BB%E8%8D%AF%E7%BB%9F%E8%AE%A1%E6%91%98%E7%BC%96/atog/2013/A95.xls	A95	81070000	426635	289242	198894	52.62550881953867	35.6780560009868	24.533612927100037	nhc_yearbook_2014_full_pdf	https://www.nhc.gov.cn/mohwsbwstjxxzx/c100228/201506/a2f73d0edf1d4e678eb5978af952a60f.shtml	3-1-3	scan_transcribed_twice_national_total_verified	32454	10.387578981099482	44.9	66904	8536	12.758579457132608	nbs_yearbook_2014_z0315e	3-15	https://www.stats.gov.cn/sj/ndsj/2014/zk/html/Z0315E.xls	Per capita gross regional product at current prices; models include wave fixed effects and use the log value.	nbs_yearbook_2014_z0206e	2-6	https://www.stats.gov.cn/sj/ndsj/2014/zk/html/Z0206E.xls	Proportion of year-end usual-resident population living in urban areas (%).	nbs_yearbook_2014_z0211e	2-11	https://www.stats.gov.cn/sj/ndsj/2014/zk/html/Z0211E.xls	Province age structure is estimated from the NBS annual population sample survey for the corresponding year; sampling fractions differ across waves, so this variable is reserved for sensitivity adjustment.	official_nbs_excel_parsed	official_excel_parsed	TRUE	0.028942891756598418	0.7347047383960483	-0.2856950702872934	-0.21274253386105532	-0.7985249974241404	-0.8106425547851599	1.3208968995555346
天津市	2013	14720000	7385	5630	5.016983695652174	3.8247282608695654	natcm_2013_extract_a95	http://www.natcm.gov.cn/2020tjzb/%E5%85%A8%E5%9B%BD%E4%B8%AD%E5%8C%BB%E8%8D%AF%E7%BB%9F%E8%AE%A1%E6%91%98%E7%BC%96/atog/2013/A95.xls	A95	14720000	57743	49071	27962	39.22758152173913	33.33627717391305	18.995923913043477	nhc_yearbook_2014_full_pdf	https://www.nhc.gov.cn/mohwsbwstjxxzx/c100228/201506/a2f73d0edf1d4e678eb5978af952a60f.shtml	3-1-3	scan_transcribed_twice_national_total_verified	99607	11.508987722227586	82.01	12150	1392	11.456790123456791	nbs_yearbook_2014_z0315e	3-15	https://www.stats.gov.cn/sj/ndsj/2014/zk/html/Z0315E.xls	Per capita gross regional product at current prices; models include wave fixed effects and use the log value.	nbs_yearbook_2014_z0206e	2-6	https://www.stats.gov.cn/sj/ndsj/2014/zk/html/Z0206E.xls	Proportion of year-end usual-resident population living in urban areas (%).	nbs_yearbook_2014_z0211e	2-11	https://www.stats.gov.cn/sj/ndsj/2014/zk/html/Z0211E.xls	Province age structure is estimated from the NBS annual population sample survey for the corresponding year; sampling fractions differ across waves, so this variable is reserved for sensitivity adjustment.	official_nbs_excel_parsed	official_excel_parsed	TRUE	-0.396301483670851	0.415428061022879	-1.2058082647889816	-0.4670908756712573	1.7284578481928972	1.9459960395739961	0.7414549727579772
宁夏回族自治区	2013	6540000	3893	1771	5.9525993883792045	2.7079510703363914	natcm_2013_extract_a95	http://www.natcm.gov.cn/2020tjzb/%E5%85%A8%E5%9B%BD%E4%B8%AD%E5%8C%BB%E8%8D%AF%E7%BB%9F%E8%AE%A1%E6%91%98%E7%BC%96/atog/2013/A95.xls	A95	6540000	31134	27076	21265	47.60550458715596	41.40061162079511	32.51529051987768	nhc_yearbook_2014_full_pdf	https://www.nhc.gov.cn/mohwsbwstjxxzx/c100228/201506/a2f73d0edf1d4e678eb5978af952a60f.shtml	3-1-3	scan_transcribed_twice_national_total_verified	39420	10.58202858070671	52.01	5399	382	7.075384330431561	nbs_yearbook_2014_z0315e	3-15	https://www.stats.gov.cn/sj/ndsj/2014/zk/html/Z0315E.xls	Per capita gross regional product at current prices; models include wave fixed effects and use the log value.	nbs_yearbook_2014_z0206e	2-6	https://www.stats.gov.cn/sj/ndsj/2014/zk/html/Z0206E.xls	Proportion of year-end usual-resident population living in urban areas (%).	nbs_yearbook_2014_z0211e	2-11	https://www.stats.gov.cn/sj/ndsj/2014/zk/html/Z0211E.xls	Province age structure is estimated from the NBS annual population sample survey for the corresponding year; sampling fractions differ across waves, so this variable is reserved for sensitivity adjustment.	official_nbs_excel_parsed	official_excel_parsed	TRUE	0.10923703532484995	-0.44489969388117345	1.0404983740775786	0.4088031543940959	-0.36035220232869336	-0.28249110218764995	-1.208760894830892
安徽省	2013	60300000	24450	10211	4.054726368159204	1.6933665008291874	natcm_2013_extract_a95	http://www.natcm.gov.cn/2020tjzb/%E5%85%A8%E5%9B%BD%E4%B8%AD%E5%8C%BB%E8%8D%AF%E7%BB%9F%E8%AE%A1%E6%91%98%E7%BC%96/atog/2013/A95.xls	A95	60300000	235959	171508	125039	39.13084577114428	28.4424543946932	20.73615257048093	nhc_yearbook_2014_full_pdf	https://www.nhc.gov.cn/mohwsbwstjxxzx/c100228/201506/a2f73d0edf1d4e678eb5978af952a60f.shtml	3-1-3	scan_transcribed_twice_national_total_verified	31684	10.36356710058417	47.86	49765	5241	10.53149804079172	nbs_yearbook_2014_z0315e	3-15	https://www.stats.gov.cn/sj/ndsj/2014/zk/html/Z0315E.xls	Per capita gross regional product at current prices; models include wave fixed effects and use the log value.	nbs_yearbook_2014_z0206e	2-6	https://www.stats.gov.cn/sj/ndsj/2014/zk/html/Z0206E.xls	Proportion of year-end usual-resident population living in urban areas (%).	nbs_yearbook_2014_z0211e	2-11	https://www.stats.gov.cn/sj/ndsj/2014/zk/html/Z0211E.xls	Province age structure is estimated from the NBS annual population sample survey for the corresponding year; sampling fractions differ across waves, so this variable is reserved for sensitivity adjustment.	official_nbs_excel_parsed	official_excel_parsed	TRUE	-0.9162352000621204	-1.226501675228677	-0.9166610510155568	-0.9986251497952413	-0.8526333772929825	-0.5907651567980108	0.32959645359492834
山东省	2013	97330000	49381	26409	5.073564163156273	2.713346347477654	natcm_2013_extract_a95	http://www.natcm.gov.cn/2020tjzb/%E5%85%A8%E5%9B%BD%E4%B8%AD%E5%8C%BB%E8%8D%AF%E7%BB%9F%E8%AE%A1%E6%91%98%E7%BC%96/atog/2013/A95.xls	A95	97330000	489737	342104	247855	50.31716839617795	35.14887496147128	25.465426898181445	nhc_yearbook_2014_full_pdf	https://www.nhc.gov.cn/mohwsbwstjxxzx/c100228/201506/a2f73d0edf1d4e678eb5978af952a60f.shtml	3-1-3	scan_transcribed_twice_national_total_verified	56322.5850307906	10.938850888762806	53.75	80331	8822	10.98206171963501	nbs_yearbook_2014_z0315e	3-15	https://www.stats.gov.cn/sj/ndsj/2014/zk/html/Z0315E.xls	Per capita gross regional product at current prices; models include wave fixed effects and use the log value.	nbs_yearbook_2014_z0206e	2-6	https://www.stats.gov.cn/sj/ndsj/2014/zk/html/Z0206E.xls	Proportion of year-end usual-resident population living in urban areas (%).	nbs_yearbook_2014_z0211e	2-11	https://www.stats.gov.cn/sj/ndsj/2014/zk/html/Z0211E.xls	Province age structure is estimated from the NBS annual population sample survey for the corresponding year; sampling fractions differ across waves, so this variable is reserved for sensitivity adjustment.	official_nbs_excel_parsed	official_excel_parsed	TRUE	-0.36572952344353177	-0.4407433530198317	-0.13086977629972815	-0.2702186363700019	0.4437113102172892	-0.15323884796547435	0.5301477098237392
山西省	2013	36300000	16456	13238	4.533333333333333	3.646831955922865	natcm_2013_extract_a95	http://www.natcm.gov.cn/2020tjzb/%E5%85%A8%E5%9B%BD%E4%B8%AD%E5%8C%BB%E8%8D%AF%E7%BB%9F%E8%AE%A1%E6%91%98%E7%BC%96/atog/2013/A95.xls	A95	36300000	172620	128294	88819	47.55371900826446	35.34269972451791	24.468044077134987	nhc_yearbook_2014_full_pdf	https://www.nhc.gov.cn/mohwsbwstjxxzx/c100228/201506/a2f73d0edf1d4e678eb5978af952a60f.shtml	3-1-3	scan_transcribed_twice_national_total_verified	34813	10.45774615922359	52.56	29957	2388	7.971425710184597	nbs_yearbook_2014_z0315e	3-15	https://www.stats.gov.cn/sj/ndsj/2014/zk/html/Z0315E.xls	Per capita gross regional product at current prices; models include wave fixed effects and use the log value.	nbs_yearbook_2014_z0206e	2-6	https://www.stats.gov.cn/sj/ndsj/2014/zk/html/Z0206E.xls	Proportion of year-end usual-resident population living in urban areas (%).	nbs_yearbook_2014_z0211e	2-11	https://www.stats.gov.cn/sj/ndsj/2014/zk/html/Z0211E.xls	Province age structure is estimated from the NBS annual population sample survey for the corresponding year; sampling fractions differ across waves, so this variable is reserved for sensitivity adjustment.	official_nbs_excel_parsed	official_excel_parsed	TRUE	-0.6576308839567179	0.27838270413530464	-0.2965896445127517	-0.24916668794826802	-0.6404102539394374	-0.24163550458868613	-0.8099222116866823
广东省	2013	106440000	37430	29009	3.516535137166479	2.7253851935362645	natcm_2013_extract_a95	http://www.natcm.gov.cn/2020tjzb/%E5%85%A8%E5%9B%BD%E4%B8%AD%E5%8C%BB%E8%8D%AF%E7%BB%9F%E8%AE%A1%E6%91%98%E7%BC%96/atog/2013/A95.xls	A95	106440000	378367	294219	218272	35.547444569710635	27.641770011273955	20.506576475009396	nhc_yearbook_2014_full_pdf	https://www.nhc.gov.cn/mohwsbwstjxxzx/c100228/201506/a2f73d0edf1d4e678eb5978af952a60f.shtml	3-1-3	scan_transcribed_twice_national_total_verified	58540	10.977465560245877	67.76	87847	6364	7.244413582706296	nbs_yearbook_2014_z0315e	3-15	https://www.stats.gov.cn/sj/ndsj/2014/zk/html/Z0315E.xls	Per capita gross regional product at current prices; models include wave fixed effects and use the log value.	nbs_yearbook_2014_z0206e	2-6	https://www.stats.gov.cn/sj/ndsj/2014/zk/html/Z0206E.xls	Proportion of year-end usual-resident population living in urban areas (%).	nbs_yearbook_2014_z0211e	2-11	https://www.stats.gov.cn/sj/ndsj/2014/zk/html/Z0211E.xls	Province age structure is estimated from the NBS annual population sample survey for the corresponding year; sampling fractions differ across waves, so this variable is reserved for sensitivity adjustment.	official_nbs_excel_parsed	official_excel_parsed	TRUE	-1.2070345100432485	-0.43146902910899393	-0.9548062039935133	-1.0855901282473226	0.5307256243100225	0.8874646472372145	-1.1335239627946878
广西壮族自治区	2013	47190000	22318	10686	4.729391820300911	2.2644628099173554	natcm_2013_extract_a95	http://www.natcm.gov.cn/2020tjzb/%E5%85%A8%E5%9B%BD%E4%B8%AD%E5%8C%BB%E8%8D%AF%E7%BB%9F%E8%AE%A1%E6%91%98%E7%BC%96/atog/2013/A95.xls	A95	47190000	187216	118475	83413	39.6728120364484	25.105954651409196	17.675990675990676	nhc_yearbook_2014_full_pdf	https://www.nhc.gov.cn/mohwsbwstjxxzx/c100228/201506/a2f73d0edf1d4e678eb5978af952a60f.shtml	3-1-3	scan_transcribed_twice_national_total_verified	30588	10.328363054164116	44.81	38947	3620	9.294682517267056	nbs_yearbook_2014_z0315e	3-15	https://www.stats.gov.cn/sj/ndsj/2014/zk/html/Z0315E.xls	Per capita gross regional product at current prices; models include wave fixed effects and use the log value.	nbs_yearbook_2014_z0206e	2-6	https://www.stats.gov.cn/sj/ndsj/2014/zk/html/Z0206E.xls	Proportion of year-end usual-resident population living in urban areas (%).	nbs_yearbook_2014_z0211e	2-11	https://www.stats.gov.cn/sj/ndsj/2014/zk/html/Z0211E.xls	Province age structure is estimated from the NBS annual population sample survey for the corresponding year; sampling fractions differ across waves, so this variable is reserved for sensitivity adjustment.	official_nbs_excel_parsed	official_excel_parsed	TRUE	-0.5516951692090981	-0.7865482005366996	-1.4251214086276514	-1.36101341949144	-0.9319621876875677	-0.8173280162104446	-0.220924856962015
新疆维吾尔自治区	2013	22640000	14965	5708	6.609982332155477	2.521201413427562	natcm_2013_extract_a95	http://www.natcm.gov.cn/2020tjzb/%E5%85%A8%E5%9B%BD%E4%B8%AD%E5%8C%BB%E8%8D%AF%E7%BB%9F%E8%AE%A1%E6%91%98%E7%BC%96/atog/2013/A95.xls	A95	22640000	137325	107897	83136	60.65591872791519	47.65768551236749	36.7208480565371	nhc_yearbook_2014_full_pdf	https://www.nhc.gov.cn/mohwsbwstjxxzx/c100228/201506/a2f73d0edf1d4e678eb5978af952a60f.shtml	3-1-3	scan_transcribed_twice_national_total_verified	37181	10.52355315709448	44.47	18688	1190	6.367722602739725	nbs_yearbook_2014_z0315e	3-15	https://www.stats.gov.cn/sj/ndsj/2014/zk/html/Z0315E.xls	Per capita gross regional product at current prices; models include wave fixed effects and use the log value.	nbs_yearbook_2014_z0206e	2-6	https://www.stats.gov.cn/sj/ndsj/2014/zk/html/Z0206E.xls	Proportion of year-end usual-resident population living in urban areas (%).	nbs_yearbook_2014_z0211e	2-11	https://www.stats.gov.cn/sj/ndsj/2014/zk/html/Z0211E.xls	Province age structure is estimated from the NBS annual population sample survey for the corresponding year; sampling fractions differ across waves, so this variable is reserved for sensitivity adjustment.	official_nbs_excel_parsed	official_excel_parsed	TRUE	0.4644388584591377	-0.5887653766865053	1.7392716294723833	1.0884046396009739	-0.49212074214732277	-0.8425842038170768	-1.523749552678322
江苏省	2013	79390000	40685	18623	5.124700843935004	2.3457614309106942	natcm_2013_extract_a95	http://www.natcm.gov.cn/2020tjzb/%E5%85%A8%E5%9B%BD%E4%B8%AD%E5%8C%BB%E8%8D%AF%E7%BB%9F%E8%AE%A1%E6%91%98%E7%BC%96/atog/2013/A95.xls	A95	79390000	368287	286183	189971	46.389595666960574	36.047739009950874	23.928832346643155	nhc_yearbook_2014_full_pdf	https://www.nhc.gov.cn/mohwsbwstjxxzx/c100228/201506/a2f73d0edf1d4e678eb5978af952a60f.shtml	3-1-3	scan_transcribed_twice_national_total_verified	74607	11.2199896155699	64.11	65526	8030	12.254677532582486	nbs_yearbook_2014_z0315e	3-15	https://www.stats.gov.cn/sj/ndsj/2014/zk/html/Z0315E.xls	Per capita gross regional product at current prices; models include wave fixed effects and use the log value.	nbs_yearbook_2014_z0206e	2-6	https://www.stats.gov.cn/sj/ndsj/2014/zk/html/Z0206E.xls	Proportion of year-end usual-resident population living in urban areas (%).	nbs_yearbook_2014_z0211e	2-11	https://www.stats.gov.cn/sj/ndsj/2014/zk/html/Z0211E.xls	Province age structure is estimated from the NBS annual population sample survey for the corresponding year; sampling fractions differ across waves, so this variable is reserved for sensitivity adjustment.	official_nbs_excel_parsed	official_excel_parsed	TRUE	-0.3380989887398153	-0.7239184650183711	-0.38618222123496554	-0.17259003985165544	1.0772294145665289	0.6163320449895472	1.0966041553110712
江西省	2013	45220000	20955	9434	4.634011499336577	2.0862450243255197	natcm_2013_extract_a95	http://www.natcm.gov.cn/2020tjzb/%E5%85%A8%E5%9B%BD%E4%B8%AD%E5%8C%BB%E8%8D%AF%E7%BB%9F%E8%AE%A1%E6%91%98%E7%BC%96/atog/2013/A95.xls	A95	45220000	174299	114782	81126	38.54467049977886	25.383016364440515	17.94029190623618	nhc_yearbook_2014_full_pdf	https://www.nhc.gov.cn/mohwsbwstjxxzx/c100228/201506/a2f73d0edf1d4e678eb5978af952a60f.shtml	3-1-3	scan_transcribed_twice_national_total_verified	31771	10.366309203003638	48.87	37321	3360	9.002974196832882	nbs_yearbook_2014_z0315e	3-15	https://www.stats.gov.cn/sj/ndsj/2014/zk/html/Z0315E.xls	Per capita gross regional product at current prices; models include wave fixed effects and use the log value.	nbs_yearbook_2014_z0206e	2-6	https://www.stats.gov.cn/sj/ndsj/2014/zk/html/Z0206E.xls	Proportion of year-end usual-resident population living in urban areas (%).	nbs_yearbook_2014_z0211e	2-11	https://www.stats.gov.cn/sj/ndsj/2014/zk/html/Z0211E.xls	Province age structure is estimated from the NBS annual population sample survey for the corresponding year; sampling fractions differ across waves, so this variable is reserved for sensitivity adjustment.	official_nbs_excel_parsed	official_excel_parsed	TRUE	-0.6032317419456055	-0.9238412153492557	-1.3812065104355309	-1.330920830697874	-0.8464543227513261	-0.5157394230253689	-0.35076770240765875
河北省	2013	73330000	32572	20333	4.441838265375699	2.7728078549024957	natcm_2013_extract_a95	http://www.natcm.gov.cn/2020tjzb/%E5%85%A8%E5%9B%BD%E4%B8%AD%E5%8C%BB%E8%8D%AF%E7%BB%9F%E8%AE%A1%E6%91%98%E7%BC%96/atog/2013/A95.xls	A95	73330000	303497	220423	165288	41.38783581071867	30.059048138551752	22.54029728624029	nhc_yearbook_2014_full_pdf	https://www.nhc.gov.cn/mohwsbwstjxxzx/c100228/201506/a2f73d0edf1d4e678eb5978af952a60f.shtml	3-1-3	scan_transcribed_twice_national_total_verified	38716	10.564008230268978	48.12	60517	5547	9.166019465604707	nbs_yearbook_2014_z0315e	3-15	https://www.stats.gov.cn/sj/ndsj/2014/zk/html/Z0315E.xls	Per capita gross regional product at current prices; models include wave fixed effects and use the log value.	nbs_yearbook_2014_z0206e	2-6	https://www.stats.gov.cn/sj/ndsj/2014/zk/html/Z0206E.xls	Proportion of year-end usual-resident population living in urban areas (%).	nbs_yearbook_2014_z0211e	2-11	https://www.stats.gov.cn/sj/ndsj/2014/zk/html/Z0211E.xls	Province age structure is estimated from the NBS annual population sample survey for the corresponding year; sampling fractions differ across waves, so this variable is reserved for sensitivity adjustment.	official_nbs_excel_parsed	official_excel_parsed	TRUE	-0.7070681491824609	-0.3949361986297947	-0.6168938821573943	-0.8230415577935278	-0.4009592662457692	-0.57145160156941	-0.2781943126521864
河南省	2013	94130000	47864	23962	5.084882609157548	2.5456283862743017	natcm_2013_extract_a95	http://www.natcm.gov.cn/2020tjzb/%E5%85%A8%E5%9B%BD%E4%B8%AD%E5%8C%BB%E8%8D%AF%E7%BB%9F%E8%AE%A1%E6%91%98%E7%BC%96/atog/2013/A95.xls	A95	94130000	429810	306546	223791	45.661319451821946	32.56623818123872	23.77467332412621	nhc_yearbook_2014_full_pdf	https://www.nhc.gov.cn/mohwsbwstjxxzx/c100228/201506/a2f73d0edf1d4e678eb5978af952a60f.shtml	3-1-3	scan_transcribed_twice_national_total_verified	34174	10.43922040000822	43.8	77688	6935	8.926732571310884	nbs_yearbook_2014_z0315e	3-15	https://www.stats.gov.cn/sj/ndsj/2014/zk/html/Z0315E.xls	Per capita gross regional product at current prices; models include wave fixed effects and use the log value.	nbs_yearbook_2014_z0206e	2-6	https://www.stats.gov.cn/sj/ndsj/2014/zk/html/Z0206E.xls	Proportion of year-end usual-resident population living in urban areas (%).	nbs_yearbook_2014_z0211e	2-11	https://www.stats.gov.cn/sj/ndsj/2014/zk/html/Z0211E.xls	Province age structure is estimated from the NBS annual population sample survey for the corresponding year; sampling fractions differ across waves, so this variable is reserved for sensitivity adjustment.	official_nbs_excel_parsed	official_excel_parsed	TRUE	-0.35961386027830644	-0.5699476546856604	-0.4117964712062581	-0.5507273569014917	-0.6821562061710725	-0.892353749983087	-0.3847037573835447
浙江省	2013	54980000	32301	18277	5.8750454710803925	3.3242997453619494	natcm_2013_extract_a95	http://www.natcm.gov.cn/2020tjzb/%E5%85%A8%E5%9B%BD%E4%B8%AD%E5%8C%BB%E8%8D%AF%E7%BB%9F%E8%AE%A1%E6%91%98%E7%BC%96/atog/2013/A95.xls	A95	54980000	230056	197096	133031	41.84357948344853	35.84867224445253	24.196253182975628	nhc_yearbook_2014_full_pdf	https://www.nhc.gov.cn/mohwsbwstjxxzx/c100228/201506/a2f73d0edf1d4e678eb5978af952a60f.shtml	3-1-3	scan_transcribed_twice_national_total_verified	68462	11.134034125797095	64	45376	4174	9.198695345557123	nbs_yearbook_2014_z0315e	3-15	https://www.stats.gov.cn/sj/ndsj/2014/zk/html/Z0315E.xls	Per capita gross regional product at current prices; models include wave fixed effects and use the log value.	nbs_yearbook_2014_z0206e	2-6	https://www.stats.gov.cn/sj/ndsj/2014/zk/html/Z0206E.xls	Proportion of year-end usual-resident population living in urban areas (%).	nbs_yearbook_2014_z0211e	2-11	https://www.stats.gov.cn/sj/ndsj/2014/zk/html/Z0211E.xls	Province age structure is estimated from the NBS annual population sample survey for the corresponding year; sampling fractions differ across waves, so this variable is reserved for sensitivity adjustment.	official_nbs_excel_parsed	official_excel_parsed	TRUE	0.06733255168020129	0.02991468835891066	-0.3417489857517872	-0.1942113394930453	0.8835372841449435	0.6081609254697545	-0.2636498895649492
海南省	2013	8950000	3360	1535	3.7541899441340782	1.7150837988826817	natcm_2013_extract_a95	http://www.natcm.gov.cn/2020tjzb/%E5%85%A8%E5%9B%BD%E4%B8%AD%E5%8C%BB%E8%8D%AF%E7%BB%9F%E8%AE%A1%E6%91%98%E7%BC%96/atog/2013/A95.xls	A95	8950000	32100	24555	19347	35.865921787709496	27.43575418994413	21.616759776536313	nhc_yearbook_2014_full_pdf	https://www.nhc.gov.cn/mohwsbwstjxxzx/c100228/201506/a2f73d0edf1d4e678eb5978af952a60f.shtml	3-1-3	scan_transcribed_twice_national_total_verified	35317	10.47211971339814	52.74	7389	602	8.1472459060766	nbs_yearbook_2014_z0315e	3-15	https://www.stats.gov.cn/sj/ndsj/2014/zk/html/Z0315E.xls	Per capita gross regional product at current prices; models include wave fixed effects and use the log value.	nbs_yearbook_2014_z0206e	2-6	https://www.stats.gov.cn/sj/ndsj/2014/zk/html/Z0206E.xls	Proportion of year-end usual-resident population living in urban areas (%).	nbs_yearbook_2014_z0211e	2-11	https://www.stats.gov.cn/sj/ndsj/2014/zk/html/Z0211E.xls	Province age structure is estimated from the NBS annual population sample survey for the corresponding year; sampling fractions differ across waves, so this variable is reserved for sensitivity adjustment.	official_nbs_excel_parsed	official_excel_parsed	TRUE	-1.078623176115717	-1.2097713959614	-0.7703440029819618	-1.1079661878205427	-0.6080208819847494	-0.22826458173811628	-0.7316625498181079
湖北省	2013	57990000	31334	13559	5.403345404380065	2.3381617520262115	natcm_2013_extract_a95	http://www.natcm.gov.cn/2020tjzb/%E5%85%A8%E5%9B%BD%E4%B8%AD%E5%8C%BB%E8%8D%AF%E7%BB%9F%E8%AE%A1%E6%91%98%E7%BC%96/atog/2013/A95.xls	A95	57990000	288169	200220	148478	49.692878082428	34.5266425245732	25.604069667183996	nhc_yearbook_2014_full_pdf	https://www.nhc.gov.cn/mohwsbwstjxxzx/c100228/201506/a2f73d0edf1d4e678eb5978af952a60f.shtml	3-1-3	scan_transcribed_twice_national_total_verified	42612.7	10.659907609893637	54.51	47860	4741	9.905975762641036	nbs_yearbook_2014_z0315e	3-15	https://www.stats.gov.cn/sj/ndsj/2014/zk/html/Z0315E.xls	Per capita gross regional product at current prices; models include wave fixed effects and use the log value.	nbs_yearbook_2014_z0206e	2-6	https://www.stats.gov.cn/sj/ndsj/2014/zk/html/Z0206E.xls	Proportion of year-end usual-resident population living in urban areas (%).	nbs_yearbook_2014_z0211e	2-11	https://www.stats.gov.cn/sj/ndsj/2014/zk/html/Z0211E.xls	Province age structure is estimated from the NBS annual population sample survey for the corresponding year; sampling fractions differ across waves, so this variable is reserved for sensitivity adjustment.	official_nbs_excel_parsed	official_excel_parsed	TRUE	-0.18753977996572496	-0.7297730031734325	-0.1078336251620084	-0.3378013588354329	-0.1848595709883163	-0.09678384037417948	0.05116904239239434
湖南省	2013	66910000	40102	17271	5.993424002391272	2.5812285159169033	natcm_2013_extract_a95	http://www.natcm.gov.cn/2020tjzb/%E5%85%A8%E5%9B%BD%E4%B8%AD%E5%8C%BB%E8%8D%AF%E7%BB%9F%E8%AE%A1%E6%91%98%E7%BC%96/atog/2013/A95.xls	A95	66910000	314090	215039	144331	46.94216111194142	32.13854431325662	21.57091615603049	nhc_yearbook_2014_full_pdf	https://www.nhc.gov.cn/mohwsbwstjxxzx/c100228/201506/a2f73d0edf1d4e678eb5978af952a60f.shtml	3-1-3	scan_transcribed_twice_national_total_verified	36763	10.51224718358581	47.96	55219	5837	10.570636918451983	nbs_yearbook_2014_z0315e	3-15	https://www.stats.gov.cn/sj/ndsj/2014/zk/html/Z0315E.xls	Per capita gross regional product at current prices; models include wave fixed effects and use the log value.	nbs_yearbook_2014_z0206e	2-6	https://www.stats.gov.cn/sj/ndsj/2014/zk/html/Z0206E.xls	Proportion of year-end usual-resident population living in urban areas (%).	nbs_yearbook_2014_z0211e	2-11	https://www.stats.gov.cn/sj/ndsj/2014/zk/html/Z0211E.xls	Province age structure is estimated from the NBS annual population sample survey for the corresponding year; sampling fractions differ across waves, so this variable is reserved for sensitivity adjustment.	official_nbs_excel_parsed	official_excel_parsed	TRUE	0.1312956808420892	-0.5425225067964111	-0.7779611371337832	-0.5971806021294247	-0.5175976267671694	-0.5833368663254719	0.3470176338869193
甘肃省	2013	25820000	17625	10336	6.8261037955073585	4.003098373353989	natcm_2013_extract_a95	http://www.natcm.gov.cn/2020tjzb/%E5%85%A8%E5%9B%BD%E4%B8%AD%E5%8C%BB%E8%8D%AF%E7%BB%9F%E8%AE%A1%E6%91%98%E7%BC%96/atog/2013/A95.xls	A95	25820000	116064	84511	62070	44.951200619674665	32.73082881487219	24.039504260263364	nhc_yearbook_2014_full_pdf	https://www.nhc.gov.cn/mohwsbwstjxxzx/c100228/201506/a2f73d0edf1d4e678eb5978af952a60f.shtml	3-1-3	scan_transcribed_twice_national_total_verified	24296	10.098067006725584	40.13	21311	1895	8.892121439632115	nbs_yearbook_2014_z0315e	3-15	https://www.stats.gov.cn/sj/ndsj/2014/zk/html/Z0315E.xls	Per capita gross regional product at current prices; models include wave fixed effects and use the log value.	nbs_yearbook_2014_z0206e	2-6	https://www.stats.gov.cn/sj/ndsj/2014/zk/html/Z0206E.xls	Proportion of year-end usual-resident population living in urban areas (%).	nbs_yearbook_2014_z0211e	2-11	https://www.stats.gov.cn/sj/ndsj/2014/zk/html/Z0211E.xls	Province age structure is estimated from the NBS annual population sample survey for the corresponding year; sampling fractions differ across waves, so this variable is reserved for sensitivity adjustment.	official_nbs_excel_parsed	official_excel_parsed	TRUE	0.5812151431617183	0.5528384233731737	-0.3677935598774527	-0.5328506239418397	-1.450911380740183	-1.1649720103252612	-0.4001095840482639
福建省	2013	37740000	18284	11484	4.8447270800211975	3.042925278219396	natcm_2013_extract_a95	http://www.natcm.gov.cn/2020tjzb/%E5%85%A8%E5%9B%BD%E4%B8%AD%E5%8C%BB%E8%8D%AF%E7%BB%9F%E8%AE%A1%E6%91%98%E7%BC%96/atog/2013/A95.xls	A95	37740000	156149	114849	82059	41.3749337572867	30.43163751987281	21.74324324324325	nhc_yearbook_2014_full_pdf	https://www.nhc.gov.cn/mohwsbwstjxxzx/c100228/201506/a2f73d0edf1d4e678eb5978af952a60f.shtml	3-1-3	scan_transcribed_twice_national_total_verified	57856	10.965712443751848	60.77	31148	2543	8.16424810581739	nbs_yearbook_2014_z0315e	3-15	https://www.stats.gov.cn/sj/ndsj/2014/zk/html/Z0315E.xls	Per capita gross regional product at current prices; models include wave fixed effects and use the log value.	nbs_yearbook_2014_z0206e	2-6	https://www.stats.gov.cn/sj/ndsj/2014/zk/html/Z0206E.xls	Proportion of year-end usual-resident population living in urban areas (%).	nbs_yearbook_2014_z0211e	2-11	https://www.stats.gov.cn/sj/ndsj/2014/zk/html/Z0211E.xls	Province age structure is estimated from the NBS annual population sample survey for the corresponding year; sampling fractions differ across waves, so this variable is reserved for sensitivity adjustment.	official_nbs_excel_parsed	official_excel_parsed	TRUE	-0.4893764021766291	-0.18684677995913904	-0.7493281773716833	-0.7825733930721308	0.5042411475321144	0.368227143206751	-0.7240946683470088
西藏自治区	2013	3120000	1109	1126	3.5544871794871793	3.608974358974359	natcm_2013_extract_a95	http://www.natcm.gov.cn/2020tjzb/%E5%85%A8%E5%9B%BD%E4%B8%AD%E5%8C%BB%E8%8D%AF%E7%BB%9F%E8%AE%A1%E6%91%98%E7%BC%96/atog/2013/A95.xls	A95	3120000	11003	7262	6004	35.26602564102564	23.275641025641026	19.243589743589745	nhc_yearbook_2014_full_pdf	https://www.nhc.gov.cn/mohwsbwstjxxzx/c100228/201506/a2f73d0edf1d4e678eb5978af952a60f.shtml	3-1-3	scan_transcribed_twice_national_total_verified	26068	10.168463787452271	23.71	2575	133	5.165048543689321	nbs_yearbook_2014_z0315e	3-15	https://www.stats.gov.cn/sj/ndsj/2014/zk/html/Z0315E.xls	Per capita gross regional product at current prices; models include wave fixed effects and use the log value.	nbs_yearbook_2014_z0206e	2-6	https://www.stats.gov.cn/sj/ndsj/2014/zk/html/Z0206E.xls	Proportion of year-end usual-resident population living in urban areas (%).	nbs_yearbook_2014_z0211e	2-11	https://www.stats.gov.cn/sj/ndsj/2014/zk/html/Z0211E.xls	Province age structure is estimated from the NBS annual population sample survey for the corresponding year; sampling fractions differ across waves, so this variable is reserved for sensitivity adjustment.	official_nbs_excel_parsed	official_excel_parsed	TRUE	-1.186527992872991	0.2492184790196206	-1.1646574168568566	-1.5598098345604414	-1.2922792506713112	-2.3846973059161356	-2.0590740910334264
贵州省	2013	35020000	16938	6824	4.836664762992576	1.9486007995431185	natcm_2013_extract_a95	http://www.natcm.gov.cn/2020tjzb/%E5%85%A8%E5%9B%BD%E4%B8%AD%E5%8C%BB%E8%8D%AF%E7%BB%9F%E8%AE%A1%E6%91%98%E7%BC%96/atog/2013/A95.xls	A95	35020000	166724	120418	92362	47.608223872073104	34.385494003426615	26.37407195888064	nhc_yearbook_2014_full_pdf	https://www.nhc.gov.cn/mohwsbwstjxxzx/c100228/201506/a2f73d0edf1d4e678eb5978af952a60f.shtml	3-1-3	scan_transcribed_twice_national_total_verified	22921.67	10.039838030303503	37.83	28905	2682	9.278671510119356	nbs_yearbook_2014_z0315e	3-15	https://www.stats.gov.cn/sj/ndsj/2014/zk/html/Z0315E.xls	Per capita gross regional product at current prices; models include wave fixed effects and use the log value.	nbs_yearbook_2014_z0206e	2-6	https://www.stats.gov.cn/sj/ndsj/2014/zk/html/Z0206E.xls	Proportion of year-end usual-resident population living in urban areas (%).	nbs_yearbook_2014_z0211e	2-11	https://www.stats.gov.cn/sj/ndsj/2014/zk/html/Z0211E.xls	Province age structure is estimated from the NBS annual population sample survey for the corresponding year; sampling fractions differ across waves, so this variable is reserved for sensitivity adjustment.	official_nbs_excel_parsed	official_excel_parsed	TRUE	-0.49373269059932917	-1.0298777174253915	0.02010589375792942	-0.3531319664434352	-1.5821245763751794	-1.3358226911936544	-0.22805154681238912
辽宁省	2013	43900000	21486	11249	4.894305239179954	2.5624145785876995	natcm_2013_extract_a95	http://www.natcm.gov.cn/2020tjzb/%E5%85%A8%E5%9B%BD%E4%B8%AD%E5%8C%BB%E8%8D%AF%E7%BB%9F%E8%AE%A1%E6%91%98%E7%BC%96/atog/2013/A95.xls	A95	43900000	241860	197453	136833	55.09339407744874	44.97790432801822	31.16924829157175	nhc_yearbook_2014_full_pdf	https://www.nhc.gov.cn/mohwsbwstjxxzx/c100228/201506/a2f73d0edf1d4e678eb5978af952a60f.shtml	3-1-3	scan_transcribed_twice_national_total_verified	61685.9	11.029810658656078	66.45	36231	3701	10.215009246225607	nbs_yearbook_2014_z0315e	3-15	https://www.stats.gov.cn/sj/ndsj/2014/zk/html/Z0315E.xls	Per capita gross regional product at current prices; models include wave fixed effects and use the log value.	nbs_yearbook_2014_z0206e	2-6	https://www.stats.gov.cn/sj/ndsj/2014/zk/html/Z0206E.xls	Proportion of year-end usual-resident population living in urban areas (%).	nbs_yearbook_2014_z0211e	2-11	https://www.stats.gov.cn/sj/ndsj/2014/zk/html/Z0211E.xls	Province age structure is estimated from the NBS annual population sample survey for the corresponding year; sampling fractions differ across waves, so this variable is reserved for sensitivity adjustment.	official_nbs_excel_parsed	official_excel_parsed	TRUE	-0.46258797894849984	-0.5570161341739651	0.8168470979808221	0.7973447441175348	0.6486800871953843	0.7901540420469558	0.18872352416678406
重庆市	2013	29700000	16181	11082	5.448148148148148	3.731313131313131	natcm_2013_extract_a95	http://www.natcm.gov.cn/2020tjzb/%E5%85%A8%E5%9B%BD%E4%B8%AD%E5%8C%BB%E8%8D%AF%E7%BB%9F%E8%AE%A1%E6%91%98%E7%BC%96/atog/2013/A95.xls	A95	29700000	147436	99056	67849	49.64175084175084	33.35218855218855	22.844781144781145	nhc_yearbook_2014_full_pdf	https://www.nhc.gov.cn/mohwsbwstjxxzx/c100228/201506/a2f73d0edf1d4e678eb5978af952a60f.shtml	3-1-3	scan_transcribed_twice_national_total_verified	42795	10.66417655231571	58.34	24512	3247	13.246573107049608	nbs_yearbook_2014_z0315e	3-15	https://www.stats.gov.cn/sj/ndsj/2014/zk/html/Z0315E.xls	Per capita gross regional product at current prices; models include wave fixed effects and use the log value.	nbs_yearbook_2014_z0206e	2-6	https://www.stats.gov.cn/sj/ndsj/2014/zk/html/Z0206E.xls	Proportion of year-end usual-resident population living in urban areas (%).	nbs_yearbook_2014_z0211e	2-11	https://www.stats.gov.cn/sj/ndsj/2014/zk/html/Z0211E.xls	Province age structure is estimated from the NBS annual population sample survey for the corresponding year; sampling fractions differ across waves, so this variable is reserved for sensitivity adjustment.	official_nbs_excel_parsed	official_excel_parsed	TRUE	-0.16333164311260748	0.34346417300060567	-0.5663024504166292	-0.465362688263676	-0.1752399346560217	0.1877196847240577	1.5381086814146225
陕西省	2013	37640000	23015	10388	6.114505844845908	2.759829968119022	natcm_2013_extract_a95	http://www.natcm.gov.cn/2020tjzb/%E5%85%A8%E5%9B%BD%E4%B8%AD%E5%8C%BB%E8%8D%AF%E7%BB%9F%E8%AE%A1%E6%91%98%E7%BC%96/atog/2013/A95.xls	A95	37640000	185139	142093	108337	49.186769394261425	37.750531349628055	28.78241232731137	nhc_yearbook_2014_full_pdf	https://www.nhc.gov.cn/mohwsbwstjxxzx/c100228/201506/a2f73d0edf1d4e678eb5978af952a60f.shtml	3-1-3	scan_transcribed_twice_national_total_verified	42692	10.661766828033857	51.310674703881645	31063	3053	9.828413224736824	nbs_yearbook_2014_z0315e	3-15	https://www.stats.gov.cn/sj/ndsj/2014/zk/html/Z0315E.xls	Per capita gross regional product at current prices; models include wave fixed effects and use the log value.	nbs_yearbook_2014_z0206e	2-6	https://www.stats.gov.cn/sj/ndsj/2014/zk/html/Z0206E.xls	Proportion of year-end usual-resident population living in urban areas (%).	nbs_yearbook_2014_z0211e	2-11	https://www.stats.gov.cn/sj/ndsj/2014/zk/html/Z0211E.xls	Province age structure is estimated from the NBS annual population sample survey for the corresponding year; sampling fractions differ across waves, so this variable is reserved for sensitivity adjustment.	official_nbs_excel_parsed	official_excel_parsed	TRUE	0.1967194822892141	-0.4049339280734756	0.420263025048498	0.012355866668988356	-0.18067000818727186	-0.33443901653126346	0.016645033593196887
青海省	2013	5780000	4052	1959	7.010380622837371	3.389273356401384	natcm_2013_extract_a95	http://www.natcm.gov.cn/2020tjzb/%E5%85%A8%E5%9B%BD%E4%B8%AD%E5%8C%BB%E8%8D%AF%E7%BB%9F%E8%AE%A1%E6%91%98%E7%BC%96/atog/2013/A95.xls	A95	5780000	29529	23580	17069	51.088235294117645	40.79584775086505	29.53114186851211	nhc_yearbook_2014_full_pdf	https://www.nhc.gov.cn/mohwsbwstjxxzx/c100228/201506/a2f73d0edf1d4e678eb5978af952a60f.shtml	3-1-3	scan_transcribed_twice_national_total_verified	36510	10.505341474649684	48.51	4769	341	7.15034598448312	nbs_yearbook_2014_z0315e	3-15	https://www.stats.gov.cn/sj/ndsj/2014/zk/html/Z0315E.xls	Per capita gross regional product at current prices; models include wave fixed effects and use the log value.	nbs_yearbook_2014_z0206e	2-6	https://www.stats.gov.cn/sj/ndsj/2014/zk/html/Z0206E.xls	Proportion of year-end usual-resident population living in urban areas (%).	nbs_yearbook_2014_z0211e	2-11	https://www.stats.gov.cn/sj/ndsj/2014/zk/html/Z0211E.xls	Province age structure is estimated from the NBS annual population sample survey for the corresponding year; sampling fractions differ across waves, so this variable is reserved for sensitivity adjustment.	official_nbs_excel_parsed	official_excel_parsed	TRUE	0.6807849078608449	0.07996818281368087	0.5446679759627312	0.34311775074919093	-0.5331589536753747	-0.5424812687265086	-1.175394570391193
黑龙江省	2013	38350000	18167	8957	4.737157757496741	2.335593220338983	natcm_2013_extract_a95	http://www.natcm.gov.cn/2020tjzb/%E5%85%A8%E5%9B%BD%E4%B8%AD%E5%8C%BB%E8%8D%AF%E7%BB%9F%E8%AE%A1%E6%91%98%E7%BC%96/atog/2013/A95.xls	A95	38350000	189183	151349	110755	49.33063885267275	39.46518904823989	28.88005215123859	nhc_yearbook_2014_full_pdf	https://www.nhc.gov.cn/mohwsbwstjxxzx/c100228/201506/a2f73d0edf1d4e678eb5978af952a60f.shtml	3-1-3	scan_transcribed_twice_national_total_verified	37509.27	10.532343381409616	57.4	31651	2830	8.941265678809517	nbs_yearbook_2014_z0315e	3-15	https://www.stats.gov.cn/sj/ndsj/2014/zk/html/Z0315E.xls	Per capita gross regional product at current prices; models include wave fixed effects and use the log value.	nbs_yearbook_2014_z0206e	2-6	https://www.stats.gov.cn/sj/ndsj/2014/zk/html/Z0206E.xls	Proportion of year-end usual-resident population living in urban areas (%).	nbs_yearbook_2014_z0211e	2-11	https://www.stats.gov.cn/sj/ndsj/2014/zk/html/Z0211E.xls	Province age structure is estimated from the NBS annual population sample survey for the corresponding year; sampling fractions differ across waves, so this variable is reserved for sensitivity adjustment.	official_nbs_excel_parsed	official_excel_parsed	TRUE	-0.5474990228435427	-0.7317517139839733	0.43648634312869594	0.19859050905790537	-0.47231284763142084	0.11789375428219243	-0.3782348982574792
上海市	2015	24150000	9468	7450	3.92	3.08	natcm_2015_extract_a95	http://www.natcm.gov.cn/2020tjzb/%E5%85%A8%E5%9B%BD%E4%B8%AD%E5%8C%BB%E8%8D%AF%E7%BB%9F%E8%AE%A1%E6%91%98%E7%BC%96/atog/2015/A95.xls	A95	24150000	122813	103526	60838	50.85424430641822	42.86790890269151	25.191718426501033	nhc_yearbook_2016_pdf_archived	https://www.nhc.gov.cn/mohwsbwstjxxzx/tjtjnj/201706/05a4a714a05e44b59a86ff271675c653.shtml	3-1-3	official_pdf_text_parsed_national_total_verified	103796	11.550182713325936	87.6	373956	47936	12.818620372450235	nbs_yearbook_2016_0310en	3-10	https://www.stats.gov.cn/sj/ndsj/2016/html/0310EN.jpg	Per capita gross regional product at current prices; models include wave fixed effects and use the log value.	nbs_yearbook_2016_0207en	2-7	https://www.stats.gov.cn/sj/ndsj/2016/html/0207EN.jpg	Proportion of year-end usual-resident population living in urban areas (%).	nbs_yearbook_2016_0212en	2-12	https://www.stats.gov.cn/sj/ndsj/2016/html/0212EN.jpg	Province age structure is estimated from the NBS annual population sample survey for the corresponding year; sampling fractions differ across waves, so this variable is reserved for sensitivity adjustment.	manual_double_checked_official_table_image	official_image_transcribed_twice	TRUE	-0.9890315085874252	-0.1582856556600552	-0.1763477321041755	0.5681711639935831	1.8212866554003022	2.3612374769889155	1.347621825592606
云南省	2015	47420000	25640	9973	5.41	2.1	natcm_2015_extract_a95	http://www.natcm.gov.cn/2020tjzb/%E5%85%A8%E5%9B%BD%E4%B8%AD%E5%8C%BB%E8%8D%AF%E7%BB%9F%E8%AE%A1%E6%91%98%E7%BC%96/atog/2015/A95.xls	A95	47420000	237597	181269	132132	50.10480809784901	38.22627583298186	27.86419232391396	nhc_yearbook_2016_pdf_archived	https://www.nhc.gov.cn/mohwsbwstjxxzx/tjtjnj/201706/05a4a714a05e44b59a86ff271675c653.shtml	3-1-3	official_pdf_text_parsed_national_total_verified	28806	10.268338977758996	43.33	738612	62088	8.406037269906257	nbs_yearbook_2016_0310en	3-10	https://www.stats.gov.cn/sj/ndsj/2016/html/0310EN.jpg	Per capita gross regional product at current prices; models include wave fixed effects and use the log value.	nbs_yearbook_2016_0207en	2-7	https://www.stats.gov.cn/sj/ndsj/2016/html/0207EN.jpg	Proportion of year-end usual-resident population living in urban areas (%).	nbs_yearbook_2016_0212en	2-12	https://www.stats.gov.cn/sj/ndsj/2016/html/0212EN.jpg	Province age structure is estimated from the NBS annual population sample survey for the corresponding year; sampling fractions differ across waves, so this variable is reserved for sensitivity adjustment.	manual_double_checked_official_table_image	official_image_transcribed_twice	TRUE	-0.18394412157695672	-0.9132448426429544	0.26769643302125	0.06402804811816377	-1.067220462246014	-0.9272667152040194	-0.6164714335469349
内蒙古自治区	2015	25110000	19997	12926	7.96	5.15	natcm_2015_extract_a95	http://www.natcm.gov.cn/2020tjzb/%E5%85%A8%E5%9B%BD%E4%B8%AD%E5%8C%BB%E8%8D%AF%E7%BB%9F%E8%AE%A1%E6%91%98%E7%BC%96/atog/2015/A95.xls	A95	25110000	133889	105185	72155	53.320987654320994	41.88968538430905	28.735563520509757	nhc_yearbook_2016_pdf_archived	https://www.nhc.gov.cn/mohwsbwstjxxzx/tjtjnj/201706/05a4a714a05e44b59a86ff271675c653.shtml	3-1-3	official_pdf_text_parsed_national_total_verified	71101	11.171856680390034	60.3	390222	37288	9.555586307281496	nbs_yearbook_2016_0310en	3-10	https://www.stats.gov.cn/sj/ndsj/2016/html/0310EN.jpg	Per capita gross regional product at current prices; models include wave fixed effects and use the log value.	nbs_yearbook_2016_0207en	2-7	https://www.stats.gov.cn/sj/ndsj/2016/html/0207EN.jpg	Proportion of year-end usual-resident population living in urban areas (%).	nbs_yearbook_2016_0212en	2-12	https://www.stats.gov.cn/sj/ndsj/2016/html/0212EN.jpg	Province age structure is estimated from the NBS annual population sample survey for the corresponding year; sampling fractions differ across waves, so this variable is reserved for sensitivity adjustment.	manual_double_checked_official_table_image	official_image_transcribed_twice	TRUE	1.1938899971322339	1.4363730352119872	0.41247887444426473	0.46192307303649244	0.9687666417631328	0.3333141779858181	-0.10479347465311639
北京市	2015	21710000	19810	15947	9.12	7.35	natcm_2015_extract_a95	http://www.natcm.gov.cn/2020tjzb/%E5%85%A8%E5%9B%BD%E4%B8%AD%E5%8C%BB%E8%8D%AF%E7%BB%9F%E8%AE%A1%E6%91%98%E7%BC%96/atog/2015/A95.xls	A95	21710000	111555	104644	62005	51.3841547673883	48.20082911100875	28.560571165361583	nhc_yearbook_2016_pdf_archived	https://www.nhc.gov.cn/mohwsbwstjxxzx/tjtjnj/201706/05a4a714a05e44b59a86ff271675c653.shtml	3-1-3	official_pdf_text_parsed_national_total_verified	106497	11.575872094720776	86.5	335775	35775	10.654456109001565	nbs_yearbook_2016_0310en	3-10	https://www.stats.gov.cn/sj/ndsj/2016/html/0310EN.jpg	Per capita gross regional product at current prices; models include wave fixed effects and use the log value.	nbs_yearbook_2016_0207en	2-7	https://www.stats.gov.cn/sj/ndsj/2016/html/0207EN.jpg	Proportion of year-end usual-resident population living in urban areas (%).	nbs_yearbook_2016_0212en	2-12	https://www.stats.gov.cn/sj/ndsj/2016/html/0212EN.jpg	Province age structure is estimated from the NBS annual population sample survey for the corresponding year; sampling fractions differ across waves, so this variable is reserved for sensitivity adjustment.	manual_double_checked_official_table_image	official_image_transcribed_twice	TRUE	1.8206694393685714	3.1311793733368622	0.3834030678216729	1.147397261825617	1.8791751163320118	2.279526281790989	0.3843265532475661
吉林省	2015	27530000	15787	9185	5.73	3.34	natcm_2015_extract_a95	http://www.natcm.gov.cn/2020tjzb/%E5%85%A8%E5%9B%BD%E4%B8%AD%E5%8C%BB%E8%8D%AF%E7%BB%9F%E8%AE%A1%E6%91%98%E7%BC%96/atog/2015/A95.xls	A95	27530000	144500	117699	80633	52.48819469669452	42.75299673083909	29.289139120958954	nhc_yearbook_2016_pdf_archived	https://www.nhc.gov.cn/mohwsbwstjxxzx/tjtjnj/201706/05a4a714a05e44b59a86ff271675c653.shtml	3-1-3	official_pdf_text_parsed_national_total_verified	51086	10.841265766051706	55.31	428511	46769	10.914305583753976	nbs_yearbook_2016_0310en	3-10	https://www.stats.gov.cn/sj/ndsj/2016/html/0310EN.jpg	Per capita gross regional product at current prices; models include wave fixed effects and use the log value.	nbs_yearbook_2016_0207en	2-7	https://www.stats.gov.cn/sj/ndsj/2016/html/0207EN.jpg	Proportion of year-end usual-resident population living in urban areas (%).	nbs_yearbook_2016_0212en	2-12	https://www.stats.gov.cn/sj/ndsj/2016/html/0212EN.jpg	Province age structure is estimated from the NBS annual population sample survey for the corresponding year; sampling fractions differ across waves, so this variable is reserved for sensitivity adjustment.	manual_double_checked_official_table_image	official_image_transcribed_twice	TRUE	-0.011039447856587533	0.042009638845611756	0.5044580760271975	0.5556901730363818	0.2238129609050516	-0.03735751659386861	0.49998864728448483
四川省	2015	82040000	57023	45132	6.95	5.5	natcm_2015_extract_a95	http://www.natcm.gov.cn/2020tjzb/%E5%85%A8%E5%9B%BD%E4%B8%AD%E5%8C%BB%E8%8D%AF%E7%BB%9F%E8%AE%A1%E6%91%98%E7%BC%96/atog/2015/A95.xls	A95	82040000	488755	345771	235351	59.575207215992194	42.14663578742077	28.687347635299854	nhc_yearbook_2016_pdf_archived	https://www.nhc.gov.cn/mohwsbwstjxxzx/tjtjnj/201706/05a4a714a05e44b59a86ff271675c653.shtml	3-1-3	official_pdf_text_parsed_national_total_verified	36775	10.51257354546964	47.69	1277289	165273	12.93935828148524	nbs_yearbook_2016_0310en	3-10	https://www.stats.gov.cn/sj/ndsj/2016/html/0310EN.jpg	Per capita gross regional product at current prices; models include wave fixed effects and use the log value.	nbs_yearbook_2016_0207en	2-7	https://www.stats.gov.cn/sj/ndsj/2016/html/0207EN.jpg	Proportion of year-end usual-resident population living in urban areas (%).	nbs_yearbook_2016_0212en	2-12	https://www.stats.gov.cn/sj/ndsj/2016/html/0212EN.jpg	Province age structure is estimated from the NBS annual population sample survey for the corresponding year; sampling fractions differ across waves, so this variable is reserved for sensitivity adjustment.	manual_double_checked_official_table_image	official_image_transcribed_twice	TRUE	0.6481596207023193	1.706001316277308	0.4044675773032373	0.48983130595898244	-0.5168622027851216	-0.603393250601327	1.4013637059713664
天津市	2015	15470000	8769	6863	5.67	4.44	natcm_2015_extract_a95	http://www.natcm.gov.cn/2020tjzb/%E5%85%A8%E5%9B%BD%E4%B8%AD%E5%8C%BB%E8%8D%AF%E7%BB%9F%E8%AE%A1%E6%91%98%E7%BC%96/atog/2015/A95.xls	A95	15470000	63693	55556	32010	41.17194570135747	35.91208791208791	20.691661279896575	nhc_yearbook_2016_pdf_archived	https://www.nhc.gov.cn/mohwsbwstjxxzx/tjtjnj/201706/05a4a714a05e44b59a86ff271675c653.shtml	3-1-3	official_pdf_text_parsed_national_total_verified	107960	11.58951606713194	82.64	239370	24641	10.294105359903078	nbs_yearbook_2016_0310en	3-10	https://www.stats.gov.cn/sj/ndsj/2016/html/0310EN.jpg	Per capita gross regional product at current prices; models include wave fixed effects and use the log value.	nbs_yearbook_2016_0207en	2-7	https://www.stats.gov.cn/sj/ndsj/2016/html/0207EN.jpg	Proportion of year-end usual-resident population living in urban areas (%).	nbs_yearbook_2016_0212en	2-12	https://www.stats.gov.cn/sj/ndsj/2016/html/0212EN.jpg	Province age structure is estimated from the NBS annual population sample survey for the corresponding year; sampling fractions differ across waves, so this variable is reserved for sensitivity adjustment.	manual_double_checked_official_table_image	official_image_transcribed_twice	TRUE	-0.043459074179156995	0.88941280790805	-0.9240534891613539	-0.18732355413886573	1.9099204484884227	1.9927942695509904	0.2239301457958454
宁夏回族自治区	2015	6680000	4192	1994	6.28	2.99	natcm_2015_extract_a95	http://www.natcm.gov.cn/2020tjzb/%E5%85%A8%E5%9B%BD%E4%B8%AD%E5%8C%BB%E8%8D%AF%E7%BB%9F%E8%AE%A1%E6%91%98%E7%BC%96/atog/2015/A95.xls	A95	6680000	33804	29566	23313	50.604790419161674	44.26047904191616	34.8997005988024	nhc_yearbook_2016_pdf_archived	https://www.nhc.gov.cn/mohwsbwstjxxzx/tjtjnj/201706/05a4a714a05e44b59a86ff271675c653.shtml	3-1-3	official_pdf_text_parsed_national_total_verified	43805	10.687503245100464	55.23	103820	7643	7.361780003852822	nbs_yearbook_2016_0310en	3-10	https://www.stats.gov.cn/sj/ndsj/2016/html/0310EN.jpg	Per capita gross regional product at current prices; models include wave fixed effects and use the log value.	nbs_yearbook_2016_0207en	2-7	https://www.stats.gov.cn/sj/ndsj/2016/html/0207EN.jpg	Proportion of year-end usual-resident population living in urban areas (%).	nbs_yearbook_2016_0212en	2-12	https://www.stats.gov.cn/sj/ndsj/2016/html/0212EN.jpg	Province age structure is estimated from the NBS annual population sample survey for the corresponding year; sampling fractions differ across waves, so this variable is reserved for sensitivity adjustment.	manual_double_checked_official_table_image	official_image_transcribed_twice	TRUE	0.28614046010029665	-0.2276186422197091	1.4366793746994087	0.7194228115323015	-0.12267555705651084	-0.043300148971900064	-1.0812827718037867
安徽省	2015	61440000	29318	11837	4.77	1.93	natcm_2015_extract_a95	http://www.natcm.gov.cn/2020tjzb/%E5%85%A8%E5%9B%BD%E4%B8%AD%E5%8C%BB%E8%8D%AF%E7%BB%9F%E8%AE%A1%E6%91%98%E7%BC%96/atog/2015/A95.xls	A95	61440000	267405	202713	144244	43.52294921875001	32.99365234375	23.477213541666664	nhc_yearbook_2016_pdf_archived	https://www.nhc.gov.cn/mohwsbwstjxxzx/tjtjnj/201706/05a4a714a05e44b59a86ff271675c653.shtml	3-1-3	official_pdf_text_parsed_national_total_verified	35997	10.491190880632498	50.5	955845	106895	11.18329854735862	nbs_yearbook_2016_0310en	3-10	https://www.stats.gov.cn/sj/ndsj/2016/html/0310EN.jpg	Per capita gross regional product at current prices; models include wave fixed effects and use the log value.	nbs_yearbook_2016_0207en	2-7	https://www.stats.gov.cn/sj/ndsj/2016/html/0207EN.jpg	Proportion of year-end usual-resident population living in urban areas (%).	nbs_yearbook_2016_0212en	2-12	https://www.stats.gov.cn/sj/ndsj/2016/html/0212EN.jpg	Province age structure is estimated from the NBS annual population sample survey for the corresponding year; sampling fractions differ across waves, so this variable is reserved for sensitivity adjustment.	manual_double_checked_official_table_image	official_image_transcribed_twice	TRUE	-0.5297534690176952	-1.0442071505889676	-0.46122081951832333	-0.5043044914096271	-0.5650459071342442	-0.39465828832298594	0.61972061703872094
山东省	2015	98470000	56427	31235	5.73	3.17	natcm_2015_extract_a95	http://www.natcm.gov.cn/2020tjzb/%E5%85%A8%E5%9B%BD%E4%B8%AD%E5%8C%BB%E8%8D%AF%E7%BB%9F%E8%AE%A1%E6%91%98%E7%BC%96/atog/2015/A95.xls	A95	98470000	519369	378884	270657	52.74388138519346	38.47709962425104	27.48623946379608	nhc_yearbook_2016_pdf_archived	https://www.nhc.gov.cn/mohwsbwstjxxzx/tjtjnj/201706/05a4a714a05e44b59a86ff271675c653.shtml	3-1-3	official_pdf_text_parsed_national_total_verified	64168	11.06925992304676	57.01	1530763	178471	11.65895700379484	nbs_yearbook_2016_0310en	3-10	https://www.stats.gov.cn/sj/ndsj/2016/html/0310EN.jpg	Per capita gross regional product at current prices; models include wave fixed effects and use the log value.	nbs_yearbook_2016_0207en	2-7	https://www.stats.gov.cn/sj/ndsj/2016/html/0207EN.jpg	Proportion of year-end usual-resident population living in urban areas (%).	nbs_yearbook_2016_0212en	2-12	https://www.stats.gov.cn/sj/ndsj/2016/html/0212EN.jpg	Province age structure is estimated from the NBS annual population sample survey for the corresponding year; sampling fractions differ across waves, so this variable is reserved for sensitivity adjustment.	manual_double_checked_official_table_image	official_image_transcribed_twice	TRUE	-0.011039447856587533	-0.08895266910040131	0.20489777953757077	0.09127084946998167	0.7375750732351576	0.088923421439291	0.8314418574614755
山西省	2015	36640000	17493	14203	4.77	3.88	natcm_2015_extract_a95	http://www.natcm.gov.cn/2020tjzb/%E5%85%A8%E5%9B%BD%E4%B8%AD%E5%8C%BB%E8%8D%AF%E7%BB%9F%E8%AE%A1%E6%91%98%E7%BC%96/atog/2015/A95.xls	A95	36640000	183209	140257	96353	50.00245633187773	38.279748908296945	26.29721615720524	nhc_yearbook_2016_pdf_archived	https://www.nhc.gov.cn/mohwsbwstjxxzx/tjtjnj/201706/05a4a714a05e44b59a86ff271675c653.shtml	3-1-3	official_pdf_text_parsed_national_total_verified	34919	10.460786372659188	55.03	569491	52324	9.18785371498408	nbs_yearbook_2016_0310en	3-10	https://www.stats.gov.cn/sj/ndsj/2016/html/0310EN.jpg	Per capita gross regional product at current prices; models include wave fixed effects and use the log value.	nbs_yearbook_2016_0207en	2-7	https://www.stats.gov.cn/sj/ndsj/2016/html/0207EN.jpg	Proportion of year-end usual-resident population living in urban areas (%).	nbs_yearbook_2016_0212en	2-12	https://www.stats.gov.cn/sj/ndsj/2016/html/0212EN.jpg	Province age structure is estimated from the NBS annual population sample survey for the corresponding year; sampling fractions differ across waves, so this variable is reserved for sensitivity adjustment.	manual_double_checked_official_table_image	official_image_transcribed_twice	TRUE	-0.5297534690176952	0.45800755820353584	0.007335939176507673	0.06983593564393775	-0.6335594359307929	-0.05815672991697739	-0.2684756283741106
广东省	2015	108490000	45404	33401	4.19	3.08	natcm_2015_extract_a95	http://www.natcm.gov.cn/2020tjzb/%E5%85%A8%E5%9B%BD%E4%B8%AD%E5%8C%BB%E8%8D%AF%E7%BB%9F%E8%AE%A1%E6%91%98%E7%BC%96/atog/2015/A95.xls	A95	108490000	435666	345258	249668	40.157249516084434	31.82394690754908	23.012996589547424	nhc_yearbook_2016_pdf_archived	https://www.nhc.gov.cn/mohwsbwstjxxzx/tjtjnj/201706/05a4a714a05e44b59a86ff271675c653.shtml	3-1-3	official_pdf_text_parsed_national_total_verified	67503	11.11992732031744	68.71	1681666	123964	7.371499453518118	nbs_yearbook_2016_0310en	3-10	https://www.stats.gov.cn/sj/ndsj/2016/html/0310EN.jpg	Per capita gross regional product at current prices; models include wave fixed effects and use the log value.	nbs_yearbook_2016_0207en	2-7	https://www.stats.gov.cn/sj/ndsj/2016/html/0207EN.jpg	Proportion of year-end usual-resident population living in urban areas (%).	nbs_yearbook_2016_0212en	2-12	https://www.stats.gov.cn/sj/ndsj/2016/html/0212EN.jpg	Province age structure is estimated from the NBS annual population sample survey for the corresponding year; sampling fractions differ across waves, so this variable is reserved for sensitivity adjustment.	manual_double_checked_official_table_image	official_image_transcribed_twice	TRUE	-0.8431431901358636	-0.1582856556600552	-0.5383526594739553	-0.6313500666212922	0.8517490037917131	0.9580334067263325	-1.076956529073276
广西壮族自治区	2015	47960000	27272	12874	5.69	2.68	natcm_2015_extract_a95	http://www.natcm.gov.cn/2020tjzb/%E5%85%A8%E5%9B%BD%E4%B8%AD%E5%8C%BB%E8%8D%AF%E7%BB%9F%E8%AE%A1%E6%91%98%E7%BC%96/atog/2015/A95.xls	A95	47960000	214485	140306	96504	44.72164303586322	29.254795663052544	20.121768140116764	nhc_yearbook_2016_pdf_archived	https://www.nhc.gov.cn/mohwsbwstjxxzx/tjtjnj/201706/05a4a714a05e44b59a86ff271675c653.shtml	3-1-3	official_pdf_text_parsed_national_total_verified	35190	10.46851723031563	47.06	747093	72940	9.76317540118834	nbs_yearbook_2016_0310en	3-10	https://www.stats.gov.cn/sj/ndsj/2016/html/0310EN.jpg	Per capita gross regional product at current prices; models include wave fixed effects and use the log value.	nbs_yearbook_2016_0207en	2-7	https://www.stats.gov.cn/sj/ndsj/2016/html/0207EN.jpg	Proportion of year-end usual-resident population living in urban areas (%).	nbs_yearbook_2016_0212en	2-12	https://www.stats.gov.cn/sj/ndsj/2016/html/0212EN.jpg	Province age structure is estimated from the NBS annual population sample survey for the corresponding year; sampling fractions differ across waves, so this variable is reserved for sensitivity adjustment.	manual_double_checked_official_table_image	official_image_transcribed_twice	TRUE	-0.03265253207163368	-0.4664322625918507	-1.0187439270021892	-0.9103940785247827	-0.6161387186104655	-0.6501914805783212	-0.012393098152954344
新疆维吾尔自治区	2015	23600000	17784	6729	7.54	2.85	natcm_2015_extract_a95	http://www.natcm.gov.cn/2020tjzb/%E5%85%A8%E5%9B%BD%E4%B8%AD%E5%8C%BB%E8%8D%AF%E7%BB%9F%E8%AE%A1%E6%91%98%E7%BC%96/atog/2015/A95.xls	A95	23600000	150263	118024	89394	63.670762711864406	50.010169491525424	37.87881355932203	nhc_yearbook_2016_pdf_archived	https://www.nhc.gov.cn/mohwsbwstjxxzx/tjtjnj/201706/05a4a714a05e44b59a86ff271675c653.shtml	3-1-3	official_pdf_text_parsed_national_total_verified	40036	10.59753432833891	47.23	367631	26207	7.128615377919707	nbs_yearbook_2016_0310en	3-10	https://www.stats.gov.cn/sj/ndsj/2016/html/0310EN.jpg	Per capita gross regional product at current prices; models include wave fixed effects and use the log value.	nbs_yearbook_2016_0207en	2-7	https://www.stats.gov.cn/sj/ndsj/2016/html/0207EN.jpg	Proportion of year-end usual-resident population living in urban areas (%).	nbs_yearbook_2016_0212en	2-12	https://www.stats.gov.cn/sj/ndsj/2016/html/0212EN.jpg	Province age structure is estimated from the NBS annual population sample survey for the corresponding year; sampling fractions differ across waves, so this variable is reserved for sensitivity adjustment.	manual_double_checked_official_table_image	official_image_transcribed_twice	TRUE	0.9669526128742496	-0.3354699546458376	1.9316730689872597	1.343915703377041	-0.3254115452444468	-0.6375633867750056	-1.18506712201829
江苏省	2015	79760000	46874	21472	5.88	2.69	natcm_2015_extract_a95	http://www.natcm.gov.cn/2020tjzb/%E5%85%A8%E5%9B%BD%E4%B8%AD%E5%8C%BB%E8%8D%AF%E7%BB%9F%E8%AE%A1%E6%91%98%E7%BC%96/atog/2015/A95.xls	A95	79760000	413612	328500	211493	51.85707121364092	41.186058174523566	26.516173520561686	nhc_yearbook_2016_pdf_archived	https://www.nhc.gov.cn/mohwsbwstjxxzx/tjtjnj/201706/05a4a714a05e44b59a86ff271675c653.shtml	3-1-3	official_pdf_text_parsed_national_total_verified	87995	11.385035273664313	66.52	1238192	157135	12.69068125137297	nbs_yearbook_2016_0310en	3-10	https://www.stats.gov.cn/sj/ndsj/2016/html/0310EN.jpg	Per capita gross regional product at current prices; models include wave fixed effects and use the log value.	nbs_yearbook_2016_0207en	2-7	https://www.stats.gov.cn/sj/ndsj/2016/html/0207EN.jpg	Proportion of year-end usual-resident population living in urban areas (%).	nbs_yearbook_2016_0212en	2-12	https://www.stats.gov.cn/sj/ndsj/2016/html/0212EN.jpg	Province age structure is estimated from the NBS annual population sample survey for the corresponding year; sampling fractions differ across waves, so this variable is reserved for sensitivity adjustment.	manual_double_checked_official_table_image	official_image_transcribed_twice	TRUE	0.07000961794983517	-0.458728597418556	0.04371673964149886	0.38549979514516847	1.4491433576740138	0.7953538453777326	1.290674600022345
江西省	2015	45660000	25236	11053	5.53	2.42	natcm_2015_extract_a95	http://www.natcm.gov.cn/2020tjzb/%E5%85%A8%E5%9B%BD%E4%B8%AD%E5%8C%BB%E8%8D%AF%E7%BB%9F%E8%AE%A1%E6%91%98%E7%BC%96/atog/2015/A95.xls	A95	45660000	197837	134277	94493	43.32829610162067	29.40801576872536	20.694918966272446	nhc_yearbook_2016_pdf_archived	https://www.nhc.gov.cn/mohwsbwstjxxzx/tjtjnj/201706/05a4a714a05e44b59a86ff271675c653.shtml	3-1-3	official_pdf_text_parsed_national_total_verified	36724	10.511185771263593	51.62	710552	64388	9.061687251601573	nbs_yearbook_2016_0310en	3-10	https://www.stats.gov.cn/sj/ndsj/2016/html/0310EN.jpg	Per capita gross regional product at current prices; models include wave fixed effects and use the log value.	nbs_yearbook_2016_0207en	2-7	https://www.stats.gov.cn/sj/ndsj/2016/html/0207EN.jpg	Proportion of year-end usual-resident population living in urban areas (%).	nbs_yearbook_2016_0212en	2-12	https://www.stats.gov.cn/sj/ndsj/2016/html/0212EN.jpg	Province age structure is estimated from the NBS annual population sample survey for the corresponding year; sampling fractions differ across waves, so this variable is reserved for sensitivity adjustment.	manual_double_checked_official_table_image	official_image_transcribed_twice	TRUE	-0.11910486893181828	-0.666727557097518	-0.9235122091778843	-0.8937523362050939	-0.5199894136616351	-0.3114614350305514	-0.32463382290560683
河北省	2015	74520000	38046	25162	5.11	3.38	natcm_2015_extract_a95	http://www.natcm.gov.cn/2020tjzb/%E5%85%A8%E5%9B%BD%E4%B8%AD%E5%8C%BB%E8%8D%AF%E7%BB%9F%E8%AE%A1%E6%91%98%E7%BC%96/atog/2015/A95.xls	A95	74520000	342096	253825	189257	45.90660225442834	34.06132581857219	25.39680622651637	nhc_yearbook_2016_pdf_archived	https://www.nhc.gov.cn/mohwsbwstjxxzx/tjtjnj/201706/05a4a714a05e44b59a86ff271675c653.shtml	3-1-3	official_pdf_text_parsed_national_total_verified	40255	10.60298949873408	51.33	1155542	117567	10.174186658728113	nbs_yearbook_2016_0310en	3-10	https://www.stats.gov.cn/sj/ndsj/2016/html/0310EN.jpg	Per capita gross regional product at current prices; models include wave fixed effects and use the log value.	nbs_yearbook_2016_0207en	2-7	https://www.stats.gov.cn/sj/ndsj/2016/html/0207EN.jpg	Proportion of year-end usual-resident population living in urban areas (%).	nbs_yearbook_2016_0212en	2-12	https://www.stats.gov.cn/sj/ndsj/2016/html/0212EN.jpg	Province age structure is estimated from the NBS annual population sample survey for the corresponding year; sampling fractions differ across waves, so this variable is reserved for sensitivity adjustment.	manual_double_checked_official_table_image	official_image_transcribed_twice	TRUE	-0.3460422531898026	0.07282429953879134	-0.1422714251200815	-0.3883409449054941	-0.3131188623867688	-0.3330034774009139	0.17055290458610411
河南省	2015	94800000	57078	29702	6.02	3.13	natcm_2015_extract_a95	http://www.natcm.gov.cn/2020tjzb/%E5%85%A8%E5%9B%BD%E4%B8%AD%E5%8C%BB%E8%8D%AF%E7%BB%9F%E8%AE%A1%E6%91%98%E7%BC%96/atog/2015/A95.xls	A95	94800000	489621	358341	259981	51.64778481012659	37.7996835443038	27.424156118143458	nhc_yearbook_2016_pdf_archived	https://www.nhc.gov.cn/mohwsbwstjxxzx/tjtjnj/201706/05a4a714a05e44b59a86ff271675c653.shtml	3-1-3	official_pdf_text_parsed_national_total_verified	39123	10.574465808325012	46.85	1476154	145415	9.850936961861704	nbs_yearbook_2016_0310en	3-10	https://www.stats.gov.cn/sj/ndsj/2016/html/0310EN.jpg	Per capita gross regional product at current prices; models include wave fixed effects and use the log value.	nbs_yearbook_2016_0207en	2-7	https://www.stats.gov.cn/sj/ndsj/2016/html/0207EN.jpg	Proportion of year-end usual-resident population living in urban areas (%).	nbs_yearbook_2016_0212en	2-12	https://www.stats.gov.cn/sj/ndsj/2016/html/0212EN.jpg	Province age structure is estimated from the NBS annual population sample survey for the corresponding year; sampling fractions differ across waves, so this variable is reserved for sensitivity adjustment.	manual_double_checked_official_table_image	official_image_transcribed_twice	TRUE	0.14565541270249646	-0.11976732979358089	0.19458233832214938	0.017694449060959645	-0.3773941562327022	-0.6657908905706528	0.026670617073336383
浙江省	2015	55390000	39184	22874	7.07	4.13	natcm_2015_extract_a95	http://www.natcm.gov.cn/2020tjzb/%E5%85%A8%E5%9B%BD%E4%B8%AD%E5%8C%BB%E8%8D%AF%E7%BB%9F%E8%AE%A1%E6%91%98%E7%BC%96/atog/2015/A95.xls	A95	55390000	272509	239444	154391	49.19823072756816	43.22874165011735	27.87344285972197	nhc_yearbook_2016_pdf_archived	https://www.nhc.gov.cn/mohwsbwstjxxzx/tjtjnj/201706/05a4a714a05e44b59a86ff271675c653.shtml	3-1-3	official_pdf_text_parsed_national_total_verified	77644	11.259889555790982	65.8	859773	96855	11.265182786619258	nbs_yearbook_2016_0310en	3-10	https://www.stats.gov.cn/sj/ndsj/2016/html/0310EN.jpg	Per capita gross regional product at current prices; models include wave fixed effects and use the log value.	nbs_yearbook_2016_0207en	2-7	https://www.stats.gov.cn/sj/ndsj/2016/html/0207EN.jpg	Proportion of year-end usual-resident population living in urban areas (%).	nbs_yearbook_2016_0212en	2-12	https://www.stats.gov.cn/sj/ndsj/2016/html/0212EN.jpg	Province age structure is estimated from the NBS annual population sample survey for the corresponding year; sampling fractions differ across waves, so this variable is reserved for sensitivity adjustment.	manual_double_checked_official_table_image	official_image_transcribed_twice	TRUE	0.7129988733474577	0.6505991875359081	0.26923345325325526	0.6073624018327538	1.1671399536786016	0.7418701539754531	0.6561682665501528
海南省	2015	9110000	4040	1893	4.43	2.08	natcm_2015_extract_a95	http://www.natcm.gov.cn/2020tjzb/%E5%85%A8%E5%9B%BD%E4%B8%AD%E5%8C%BB%E8%8D%AF%E7%BB%9F%E8%AE%A1%E6%91%98%E7%BC%96/atog/2015/A95.xls	A95	9110000	38698	30251	22573	42.478594950603735	33.20636663007684	24.778265642151485	nhc_yearbook_2016_pdf_archived	https://www.nhc.gov.cn/mohwsbwstjxxzx/tjtjnj/201706/05a4a714a05e44b59a86ff271675c653.shtml	3-1-3	official_pdf_text_parsed_national_total_verified	40818	10.616878439573116	55.12	141596	11954	8.442328879346874	nbs_yearbook_2016_0310en	3-10	https://www.stats.gov.cn/sj/ndsj/2016/html/0310EN.jpg	Per capita gross regional product at current prices; models include wave fixed effects and use the log value.	nbs_yearbook_2016_0207en	2-7	https://www.stats.gov.cn/sj/ndsj/2016/html/0207EN.jpg	Proportion of year-end usual-resident population living in urban areas (%).	nbs_yearbook_2016_0212en	2-12	https://www.stats.gov.cn/sj/ndsj/2016/html/0212EN.jpg	Province age structure is estimated from the NBS annual population sample survey for the corresponding year; sampling fractions differ across waves, so this variable is reserved for sensitivity adjustment.	manual_double_checked_official_table_image	official_image_transcribed_twice	TRUE	-0.7134646848455871	-0.9286521729895442	-0.24504486573118764	-0.4812008894037195	-0.2818215182901603	-0.05147126849169272	-0.6003176062287487
湖北省	2015	58520000	39870	15963	6.81	2.73	natcm_2015_extract_a95	http://www.natcm.gov.cn/2020tjzb/%E5%85%A8%E5%9B%BD%E4%B8%AD%E5%8C%BB%E8%8D%AF%E7%BB%9F%E8%AE%A1%E6%91%98%E7%BC%96/atog/2015/A95.xls	A95	58520000	343147	243481	176248	58.63755980861244	41.606459330143544	30.117566643882434	nhc_yearbook_2016_pdf_archived	https://www.nhc.gov.cn/mohwsbwstjxxzx/tjtjnj/201706/05a4a714a05e44b59a86ff271675c653.shtml	3-1-3	official_pdf_text_parsed_national_total_verified	50654	10.832773479905097	56.85	909271	102146	11.233834577370224	nbs_yearbook_2016_0310en	3-10	https://www.stats.gov.cn/sj/ndsj/2016/html/0310EN.jpg	Per capita gross regional product at current prices; models include wave fixed effects and use the log value.	nbs_yearbook_2016_0207en	2-7	https://www.stats.gov.cn/sj/ndsj/2016/html/0207EN.jpg	Proportion of year-end usual-resident population living in urban areas (%).	nbs_yearbook_2016_0212en	2-12	https://www.stats.gov.cn/sj/ndsj/2016/html/0212EN.jpg	Province age structure is estimated from the NBS annual population sample survey for the corresponding year; sampling fractions differ across waves, so this variable is reserved for sensitivity adjustment.	manual_double_checked_official_table_image	official_image_transcribed_twice	TRUE	0.5725138259496575	-0.4279139367253764	0.6421052231666267	0.4311609547691325	0.20467644036128962	0.07703815668322914	0.6422148054954192
湖南省	2015	67830000	48208	20744	7.11	3.06	natcm_2015_extract_a95	http://www.natcm.gov.cn/2020tjzb/%E5%85%A8%E5%9B%BD%E4%B8%AD%E5%8C%BB%E8%8D%AF%E7%BB%9F%E8%AE%A1%E6%91%98%E7%BC%96/atog/2015/A95.xls	A95	67830000	396950	275881	183952	58.521303258145366	40.67241633495504	27.11956361491965	nhc_yearbook_2016_pdf_archived	https://www.nhc.gov.cn/mohwsbwstjxxzx/tjtjnj/201706/05a4a714a05e44b59a86ff271675c653.shtml	3-1-3	official_pdf_text_parsed_national_total_verified	42754	10.663218037239226	50.89	1056139	118534	11.22333329230338	nbs_yearbook_2016_0310en	3-10	https://www.stats.gov.cn/sj/ndsj/2016/html/0310EN.jpg	Per capita gross regional product at current prices; models include wave fixed effects and use the log value.	nbs_yearbook_2016_0207en	2-7	https://www.stats.gov.cn/sj/ndsj/2016/html/0207EN.jpg	Proportion of year-end usual-resident population living in urban areas (%).	nbs_yearbook_2016_0212en	2-12	https://www.stats.gov.cn/sj/ndsj/2016/html/0212EN.jpg	Province age structure is estimated from the NBS annual population sample survey for the corresponding year; sampling fractions differ across waves, so this variable is reserved for sensitivity adjustment.	manual_double_checked_official_table_image	official_image_transcribed_twice	TRUE	0.7346119575625039	-0.17369298600664498	0.14397285475398058	0.32971145652488665	-0.17739985286132026	-0.36568795548008454	0.6375405585219853
甘肃省	2015	26000000	22031	12039	8.47	4.63	natcm_2015_extract_a95	http://www.natcm.gov.cn/2020tjzb/%E5%85%A8%E5%9B%BD%E4%B8%AD%E5%8C%BB%E8%8D%AF%E7%BB%9F%E8%AE%A1%E6%91%98%E7%BC%96/atog/2015/A95.xls	A95	26000000	127743	94596	67077	49.13192307692308	36.38307692307693	25.798846153846153	nhc_yearbook_2016_pdf_archived	https://www.nhc.gov.cn/mohwsbwstjxxzx/tjtjnj/201706/05a4a714a05e44b59a86ff271675c653.shtml	3-1-3	official_pdf_text_parsed_national_total_verified	26165	10.172177918806309	43.19	404863	37912	9.364155282157174	nbs_yearbook_2016_0310en	3-10	https://www.stats.gov.cn/sj/ndsj/2016/html/0310EN.jpg	Per capita gross regional product at current prices; models include wave fixed effects and use the log value.	nbs_yearbook_2016_0207en	2-7	https://www.stats.gov.cn/sj/ndsj/2016/html/0207EN.jpg	Proportion of year-end usual-resident population living in urban areas (%).	nbs_yearbook_2016_0212en	2-12	https://www.stats.gov.cn/sj/ndsj/2016/html/0212EN.jpg	Province age structure is estimated from the NBS annual population sample survey for the corresponding year; sampling fractions differ across waves, so this variable is reserved for sensitivity adjustment.	manual_double_checked_official_table_image	official_image_transcribed_twice	TRUE	1.4694568208740726	1.0357824462006526	-0.07547059161107773	-0.13616788026782933	-1.2839098257918695	-0.9376663218655737	-0.19000170241886313
福建省	2015	38390000	20427	12901	5.32	3.36	natcm_2015_extract_a95	http://www.natcm.gov.cn/2020tjzb/%E5%85%A8%E5%9B%BD%E4%B8%AD%E5%8C%BB%E8%8D%AF%E7%BB%9F%E8%AE%A1%E6%91%98%E7%BC%96/atog/2015/A95.xls	A95	38390000	173007	129559	90924	45.06564209429539	33.7481114873665	23.684292784579316	nhc_yearbook_2016_pdf_archived	https://www.nhc.gov.cn/mohwsbwstjxxzx/tjtjnj/201706/05a4a714a05e44b59a86ff271675c653.shtml	3-1-3	official_pdf_text_parsed_national_total_verified	67966	11.126762859116562	62.6	596224	53694	9.005675719192787	nbs_yearbook_2016_0310en	3-10	https://www.stats.gov.cn/sj/ndsj/2016/html/0310EN.jpg	Per capita gross regional product at current prices; models include wave fixed effects and use the log value.	nbs_yearbook_2016_0207en	2-7	https://www.stats.gov.cn/sj/ndsj/2016/html/0207EN.jpg	Proportion of year-end usual-resident population living in urban areas (%).	nbs_yearbook_2016_0212en	2-12	https://www.stats.gov.cn/sj/ndsj/2016/html/0212EN.jpg	Province age structure is estimated from the NBS annual population sample survey for the corresponding year; sampling fractions differ across waves, so this variable is reserved for sensitivity adjustment.	manual_double_checked_official_table_image	official_image_transcribed_twice	TRUE	-0.23257356106081045	0.05741696919220155	-0.4268136248875478	-0.42236018910239714	0.8671522092888927	0.5041648588542113	-0.3495652226507462
西藏自治区	2015	3240000	1747	1169	5.39	3.61	natcm_2015_extract_a95	http://www.natcm.gov.cn/2020tjzb/%E5%85%A8%E5%9B%BD%E4%B8%AD%E5%8C%BB%E8%8D%AF%E7%BB%9F%E8%AE%A1%E6%91%98%E7%BC%96/atog/2015/A95.xls	A95	3240000	14013	9944	7598	43.25	30.69135802469136	23.450617283950617	nhc_yearbook_2016_pdf_archived	https://www.nhc.gov.cn/mohwsbwstjxxzx/tjtjnj/201706/05a4a714a05e44b59a86ff271675c653.shtml	3-1-3	official_pdf_text_parsed_national_total_verified	31999	10.373459931293572	27.74	50634	2890	5.707627286013351	nbs_yearbook_2016_0310en	3-10	https://www.stats.gov.cn/sj/ndsj/2016/html/0310EN.jpg	Per capita gross regional product at current prices; models include wave fixed effects and use the log value.	nbs_yearbook_2016_0207en	2-7	https://www.stats.gov.cn/sj/ndsj/2016/html/0207EN.jpg	Proportion of year-end usual-resident population living in urban areas (%).	nbs_yearbook_2016_0212en	2-12	https://www.stats.gov.cn/sj/ndsj/2016/html/0212EN.jpg	Province age structure is estimated from the NBS annual population sample survey for the corresponding year; sampling fractions differ across waves, so this variable is reserved for sensitivity adjustment.	manual_double_checked_official_table_image	official_image_transcribed_twice	TRUE	-0.19475066368448005	0.2500085985245738	-0.465639913401491	-0.7543642902435544	-0.8303408691463944	-2.0853371998728214	-1.817565834851997
贵州省	2015	35300000	20757	8549	5.88	2.42	natcm_2015_extract_a95	http://www.natcm.gov.cn/2020tjzb/%E5%85%A8%E5%9B%BD%E4%B8%AD%E5%8C%BB%E8%8D%AF%E7%BB%9F%E8%AE%A1%E6%91%98%E7%BC%96/atog/2015/A95.xls	A95	35300000	196422	148112	112175	55.64362606232295	41.95807365439093	31.777620396600568	nhc_yearbook_2016_pdf_archived	https://www.nhc.gov.cn/mohwsbwstjxxzx/tjtjnj/201706/05a4a714a05e44b59a86ff271675c653.shtml	3-1-3	official_pdf_text_parsed_national_total_verified	29847	10.30383961125747	42.01	550172	52149	9.47867212435384	nbs_yearbook_2016_0310en	3-10	https://www.stats.gov.cn/sj/ndsj/2016/html/0310EN.jpg	Per capita gross regional product at current prices; models include wave fixed effects and use the log value.	nbs_yearbook_2016_0207en	2-7	https://www.stats.gov.cn/sj/ndsj/2016/html/0207EN.jpg	Proportion of year-end usual-resident population living in urban areas (%).	nbs_yearbook_2016_0212en	2-12	https://www.stats.gov.cn/sj/ndsj/2016/html/0212EN.jpg	Province age structure is estimated from the NBS annual population sample survey for the corresponding year; sampling fractions differ across waves, so this variable is reserved for sensitivity adjustment.	manual_double_checked_official_table_image	official_image_transcribed_twice	TRUE	0.07000961794983517	-0.666727557097518	0.917930997705579	0.46935094918495474	-0.9872233224262045	-1.0253201494415318	-0.1390288929352876
辽宁省	2015	43820000	25566	12136	5.83	2.77	natcm_2015_extract_a95	http://www.natcm.gov.cn/2020tjzb/%E5%85%A8%E5%9B%BD%E4%B8%AD%E5%8C%BB%E8%8D%AF%E7%BB%9F%E8%AE%A1%E6%91%98%E7%BC%96/atog/2015/A95.xls	A95	43820000	266986	222644	152746	60.92788680967595	50.80876312186216	34.85759926973984	nhc_yearbook_2016_pdf_archived	https://www.nhc.gov.cn/mohwsbwstjxxzx/tjtjnj/201706/05a4a714a05e44b59a86ff271675c653.shtml	3-1-3	official_pdf_text_parsed_national_total_verified	65354	11.087573926054468	67.35	680859	87595	12.86536566308149	nbs_yearbook_2016_0310en	3-10	https://www.stats.gov.cn/sj/ndsj/2016/html/0310EN.jpg	Per capita gross regional product at current prices; models include wave fixed effects and use the log value.	nbs_yearbook_2016_0207en	2-7	https://www.stats.gov.cn/sj/ndsj/2016/html/0207EN.jpg	Proportion of year-end usual-resident population living in urban areas (%).	nbs_yearbook_2016_0212en	2-12	https://www.stats.gov.cn/sj/ndsj/2016/html/0212EN.jpg	Province age structure is estimated from the NBS annual population sample survey for the corresponding year; sampling fractions differ across waves, so this variable is reserved for sensitivity adjustment.	manual_double_checked_official_table_image	official_image_transcribed_twice	TRUE	0.0429932626810276	-0.3970992760321968	1.429684039952697	1.4306535982234787	0.778843853955113	0.8570086562998046	1.3684287108323279
重庆市	2015	30170000	20713	12794	6.87	4.24	natcm_2015_extract_a95	http://www.natcm.gov.cn/2020tjzb/%E5%85%A8%E5%9B%BD%E4%B8%AD%E5%8C%BB%E8%8D%AF%E7%BB%9F%E8%AE%A1%E6%91%98%E7%BC%96/atog/2015/A95.xls	A95	30170000	176549	123855	84613	58.51806430228704	41.052369903878024	28.045409347033477	nhc_yearbook_2016_pdf_archived	https://www.nhc.gov.cn/mohwsbwstjxxzx/tjtjnj/201706/05a4a714a05e44b59a86ff271675c653.shtml	3-1-3	official_pdf_text_parsed_national_total_verified	52321	10.865153099098274	60.94	468563	62282	13.292129340131424	nbs_yearbook_2016_0310en	3-10	https://www.stats.gov.cn/sj/ndsj/2016/html/0310EN.jpg	Per capita gross regional product at current prices; models include wave fixed effects and use the log value.	nbs_yearbook_2016_0207en	2-7	https://www.stats.gov.cn/sj/ndsj/2016/html/0207EN.jpg	Proportion of year-end usual-resident population living in urban areas (%).	nbs_yearbook_2016_0212en	2-12	https://www.stats.gov.cn/sj/ndsj/2016/html/0212EN.jpg	Province age structure is estimated from the NBS annual population sample survey for the corresponding year; sampling fractions differ across waves, so this variable is reserved for sensitivity adjustment.	manual_double_checked_official_table_image	official_image_transcribed_twice	TRUE	0.604933452272227	0.7353395044421521	0.29780649763797723	0.37097947001239007	0.27764068546469417	0.38085523701006657	1.558386302986486
陕西省	2015	37930000	27271	11533	7.19	3.04	natcm_2015_extract_a95	http://www.natcm.gov.cn/2020tjzb/%E5%85%A8%E5%9B%BD%E4%B8%AD%E5%8C%BB%E8%8D%AF%E7%BB%9F%E8%AE%A1%E6%91%98%E7%BC%96/atog/2015/A95.xls	A95	37930000	211885	167248	125440	55.8621144213024	44.09385710519378	33.071447403110994	nhc_yearbook_2016_pdf_archived	https://www.nhc.gov.cn/mohwsbwstjxxzx/tjtjnj/201706/05a4a714a05e44b59a86ff271675c653.shtml	3-1-3	official_pdf_text_parsed_national_total_verified	47626	10.771134109583889	53.92	589346	60994	10.349438190808115	nbs_yearbook_2016_0310en	3-10	https://www.stats.gov.cn/sj/ndsj/2016/html/0310EN.jpg	Per capita gross regional product at current prices; models include wave fixed effects and use the log value.	nbs_yearbook_2016_0207en	2-7	https://www.stats.gov.cn/sj/ndsj/2016/html/0207EN.jpg	Proportion of year-end usual-resident population living in urban areas (%).	nbs_yearbook_2016_0212en	2-12	https://www.stats.gov.cn/sj/ndsj/2016/html/0212EN.jpg	Province age structure is estimated from the NBS annual population sample survey for the corresponding year; sampling fractions differ across waves, so this variable is reserved for sensitivity adjustment.	manual_double_checked_official_table_image	official_image_transcribed_twice	TRUE	0.7778381259925962	-0.1891003163532348	1.1329064679912972	0.7013254520273902	0.06577826193293454	-0.14061075416215824	0.24855944742350994
青海省	2015	5880000	5444	2448	9.26	4.16	natcm_2015_extract_a95	http://www.natcm.gov.cn/2020tjzb/%E5%85%A8%E5%9B%BD%E4%B8%AD%E5%8C%BB%E8%8D%AF%E7%BB%9F%E8%AE%A1%E6%91%98%E7%BC%96/atog/2015/A95.xls	A95	5880000	34546	28322	20012	58.7517006802721	48.16666666666667	34.034013605442176	nhc_yearbook_2016_pdf_archived	https://www.nhc.gov.cn/mohwsbwstjxxzx/tjtjnj/201706/05a4a714a05e44b59a86ff271675c653.shtml	3-1-3	official_pdf_text_parsed_national_total_verified	41252	10.62745487543596	50.3	91611	6502	7.097400967132768	nbs_yearbook_2016_0310en	3-10	https://www.stats.gov.cn/sj/ndsj/2016/html/0310EN.jpg	Per capita gross regional product at current prices; models include wave fixed effects and use the log value.	nbs_yearbook_2016_0207en	2-7	https://www.stats.gov.cn/sj/ndsj/2016/html/0207EN.jpg	Proportion of year-end usual-resident population living in urban areas (%).	nbs_yearbook_2016_0212en	2-12	https://www.stats.gov.cn/sj/ndsj/2016/html/0212EN.jpg	Province age structure is estimated from the NBS annual population sample survey for the corresponding year; sampling fractions differ across waves, so this variable is reserved for sensitivity adjustment.	manual_double_checked_official_table_image	official_image_transcribed_twice	TRUE	1.896315234121233	0.6737101830557929	1.2928413905010603	1.1436867657829786	-0.25798857405406334	-0.4095148692680638	-1.1989610277850262
黑龙江省	2015	38120000	22536	10009	5.91	2.63	natcm_2015_extract_a95	http://www.natcm.gov.cn/2020tjzb/%E5%85%A8%E5%9B%BD%E4%B8%AD%E5%8C%BB%E8%8D%AF%E7%BB%9F%E8%AE%A1%E6%91%98%E7%BC%96/atog/2015/A95.xls	A95	38120000	212590	173642	122806	55.768625393494226	45.551416579223506	32.215634837355715	nhc_yearbook_2016_pdf_archived	https://www.nhc.gov.cn/mohwsbwstjxxzx/tjtjnj/201706/05a4a714a05e44b59a86ff271675c653.shtml	3-1-3	official_pdf_text_parsed_national_total_verified	39462	10.583093462529408	58.8	592705	64239	10.83827536464177	nbs_yearbook_2016_0310en	3-10	https://www.stats.gov.cn/sj/ndsj/2016/html/0310EN.jpg	Per capita gross regional product at current prices; models include wave fixed effects and use the log value.	nbs_yearbook_2016_0207en	2-7	https://www.stats.gov.cn/sj/ndsj/2016/html/0207EN.jpg	Proportion of year-end usual-resident population living in urban areas (%).	nbs_yearbook_2016_0212en	2-12	https://www.stats.gov.cn/sj/ndsj/2016/html/0212EN.jpg	Province age structure is estimated from the NBS annual population sample survey for the corresponding year; sampling fractions differ across waves, so this variable is reserved for sensitivity adjustment.	manual_double_checked_official_table_image	official_image_transcribed_twice	TRUE	0.0862194311111199	-0.5049505884583254	0.9907091665948174	0.8596358061151274	-0.35795259726064294	0.2218898208977358	0.4661466918178351
上海市	2018	24240000	10790	8952	4.45	3.69	natcm_2018_extract_a95	http://www.natcm.gov.cn/2020tjzb/%E5%85%A8%E5%9B%BD%E4%B8%AD%E5%8C%BB%E8%8D%AF%E7%BB%9F%E8%AE%A1%E6%91%98%E7%BC%96/atog/2018/A95.xlsx	A95	24240000	139029	120787	66398	57.35519801980198	49.82962046204621	27.39191419141914	nhc_yearbook_2019_pdf	https://www.nhc.gov.cn/mohwsbwstjxxzx/tjtjnj/202006/456391e2294244c593e871ac254f8aaa.shtml	3-1-3	official_pdf_text_parsed_national_total_verified	134982	11.812896715197557	88.1	19877	2972	14.951954520299845	nbs_yearbook_2019_e0309	3-9	https://www.stats.gov.cn/sj/ndsj/2019/html/E0309.jpg	Per capita gross regional product at current prices; models include wave fixed effects and use the log value.	nbs_yearbook_2019_e0207	2-7	https://www.stats.gov.cn/sj/ndsj/2019/html/E0207.jpg	Proportion of year-end usual-resident population living in urban areas (%).	nbs_yearbook_2019_e0212	2-12	https://www.stats.gov.cn/sj/ndsj/2019/html/E0212.jpg	Province age structure is estimated from the NBS annual population sample survey for the corresponding year; sampling fractions differ across waves, so this variable is reserved for sensitivity adjustment.	manual_double_checked_official_table_image	official_image_transcribed_twice	TRUE	-0.7026581427380638	0.311637919910933	0.1892251898582508	1.3243056762760343	2.4132864781992125	2.3983789293516096	2.2971942465330577
云南省	2018	48300000	31847	13654	6.59	2.83	natcm_2018_extract_a95	http://www.natcm.gov.cn/2020tjzb/%E5%85%A8%E5%9B%BD%E4%B8%AD%E5%8C%BB%E8%8D%AF%E7%BB%9F%E8%AE%A1%E6%91%98%E7%BC%96/atog/2018/A95.xlsx	A95	48300000	291194	223272	160436	60.28861283643892	46.22608695652174	33.21656314699793	nhc_yearbook_2019_pdf	https://www.nhc.gov.cn/mohwsbwstjxxzx/tjtjnj/202006/456391e2294244c593e871ac254f8aaa.shtml	3-1-3	official_pdf_text_parsed_national_total_verified	37136	10.522342128514218	47.81	39584	3790	9.574575586095392	nbs_yearbook_2019_e0309	3-9	https://www.stats.gov.cn/sj/ndsj/2019/html/E0309.jpg	Per capita gross regional product at current prices; models include wave fixed effects and use the log value.	nbs_yearbook_2019_e0207	2-7	https://www.stats.gov.cn/sj/ndsj/2019/html/E0207.jpg	Proportion of year-end usual-resident population living in urban areas (%).	nbs_yearbook_2019_e0212	2-12	https://www.stats.gov.cn/sj/ndsj/2019/html/E0212.jpg	Province age structure is estimated from the NBS annual population sample survey for the corresponding year; sampling fractions differ across waves, so this variable is reserved for sensitivity adjustment.	manual_double_checked_official_table_image	official_image_transcribed_twice	TRUE	0.45364186276690394	-0.35087728499242743	1.15701813448997	0.9329139866804113	-0.4948496743694792	-0.59447930203428	-0.09634112063562682
内蒙古自治区	2018	25340000	29953	15554	11.82	6.14	natcm_2018_extract_a95	http://www.natcm.gov.cn/2020tjzb/%E5%85%A8%E5%9B%BD%E4%B8%AD%E5%8C%BB%E8%8D%AF%E7%BB%9F%E8%AE%A1%E6%91%98%E7%BC%96/atog/2018/A95.xlsx	A95	25340000	159006	126378	76921	62.7490134175217	49.872928176795575	30.355564325177586	nhc_yearbook_2019_pdf	https://www.nhc.gov.cn/mohwsbwstjxxzx/tjtjnj/202006/456391e2294244c593e871ac254f8aaa.shtml	3-1-3	official_pdf_text_parsed_national_total_verified	68302	11.131694327707022	62.71	20781	2047	9.850344064289496	nbs_yearbook_2019_e0309	3-9	https://www.stats.gov.cn/sj/ndsj/2019/html/E0309.jpg	Per capita gross regional product at current prices; models include wave fixed effects and use the log value.	nbs_yearbook_2019_e0207	2-7	https://www.stats.gov.cn/sj/ndsj/2019/html/E0207.jpg	Proportion of year-end usual-resident population living in urban areas (%).	nbs_yearbook_2019_e0212	2-12	https://www.stats.gov.cn/sj/ndsj/2019/html/E0212.jpg	Province age structure is estimated from the NBS annual population sample survey for the corresponding year; sampling fractions differ across waves, so this variable is reserved for sensitivity adjustment.	manual_double_checked_official_table_image	official_image_transcribed_twice	TRUE	3.2795526238841854	2.1990358873681806	0.6816496624200079	1.3290094703776554	0.8782647823184688	0.5123359783740039	0.026406711307060342
北京市	2018	21540000	24867	19670	11.54	9.13	natcm_2018_extract_a95	http://www.natcm.gov.cn/2020tjzb/%E5%85%A8%E5%9B%BD%E4%B8%AD%E5%8C%BB%E8%8D%AF%E7%BB%9F%E8%AE%A1%E6%91%98%E7%BC%96/atog/2018/A95.xlsx	A95	21540000	123626	116397	63924	57.393686165273905	54.03760445682452	29.676880222841223	nhc_yearbook_2019_pdf	https://www.nhc.gov.cn/mohwsbwstjxxzx/tjtjnj/202006/456391e2294244c593e871ac254f8aaa.shtml	3-1-3	official_pdf_text_parsed_national_total_verified	140211	11.850903709848648	86.5	17673	1989	11.254455949753863	nbs_yearbook_2019_e0309	3-9	https://www.stats.gov.cn/sj/ndsj/2019/html/E0309.jpg	Per capita gross regional product at current prices; models include wave fixed effects and use the log value.	nbs_yearbook_2019_e0207	2-7	https://www.stats.gov.cn/sj/ndsj/2019/html/E0207.jpg	Proportion of year-end usual-resident population living in urban areas (%).	nbs_yearbook_2019_e0212	2-12	https://www.stats.gov.cn/sj/ndsj/2019/html/E0212.jpg	Province age structure is estimated from the NBS annual population sample survey for the corresponding year; sampling fractions differ across waves, so this variable is reserved for sensitivity adjustment.	manual_double_checked_official_table_image	official_image_transcribed_twice	TRUE	3.128261034378862	4.5024317741833535	0.5688830921281207	1.7813487322050836	2.4989314531083164	2.279526281790989	0.6513936237865832
吉林省	2018	27040000	19782	12090	7.32	4.47	natcm_2018_extract_a95	http://www.natcm.gov.cn/2020tjzb/%E5%85%A8%E5%9B%BD%E4%B8%AD%E5%8C%BB%E8%8D%AF%E7%BB%9F%E8%AE%A1%E6%91%98%E7%BC%96/atog/2018/A95.xlsx	A95	27040000	166994	140384	93456	61.758136094674555	51.917159763313606	34.56213017751479	nhc_yearbook_2019_pdf	https://www.nhc.gov.cn/mohwsbwstjxxzx/tjtjnj/202006/456391e2294244c593e871ac254f8aaa.shtml	3-1-3	official_pdf_text_parsed_national_total_verified	55611	10.926136302397198	57.53	22173	2743	12.370901546926442	nbs_yearbook_2019_e0309	3-9	https://www.stats.gov.cn/sj/ndsj/2019/html/E0309.jpg	Per capita gross regional product at current prices; models include wave fixed effects and use the log value.	nbs_yearbook_2019_e0207	2-7	https://www.stats.gov.cn/sj/ndsj/2019/html/E0207.jpg	Proportion of year-end usual-resident population living in urban areas (%).	nbs_yearbook_2019_e0212	2-12	https://www.stats.gov.cn/sj/ndsj/2019/html/E0212.jpg	Province age structure is estimated from the NBS annual population sample survey for the corresponding year; sampling fractions differ across waves, so this variable is reserved for sensitivity adjustment.	manual_double_checked_official_table_image	official_image_transcribed_twice	TRUE	0.8480806496914961	0.9125238034279342	1.3805904542288288	1.551040222511757	0.4150602568977965	0.1275505318964931	1.1483368474368
四川省	2018	83410000	70312	51816	8.43	6.21	natcm_2018_extract_a95	http://www.natcm.gov.cn/2020tjzb/%E5%85%A8%E5%9B%BD%E4%B8%AD%E5%8C%BB%E8%8D%AF%E7%BB%9F%E8%AE%A1%E6%91%98%E7%BC%96/atog/2018/A95.xlsx	A95	83410000	598898	442215	284637	71.80170243376094	53.0170243376094	34.12504495863805	nhc_yearbook_2019_pdf	https://www.nhc.gov.cn/mohwsbwstjxxzx/tjtjnj/202006/456391e2294244c593e871ac254f8aaa.shtml	3-1-3	official_pdf_text_parsed_national_total_verified	48883	10.79718496675754	52.29	68344	10244	14.988879784618986	nbs_yearbook_2019_e0309	3-9	https://www.stats.gov.cn/sj/ndsj/2019/html/E0309.jpg	Per capita gross regional product at current prices; models include wave fixed effects and use the log value.	nbs_yearbook_2019_e0207	2-7	https://www.stats.gov.cn/sj/ndsj/2019/html/E0207.jpg	Proportion of year-end usual-resident population living in urban areas (%).	nbs_yearbook_2019_e0212	2-12	https://www.stats.gov.cn/sj/ndsj/2019/html/E0212.jpg	Province age structure is estimated from the NBS annual population sample survey for the corresponding year; sampling fractions differ across waves, so this variable is reserved for sensitivity adjustment.	manual_double_checked_official_table_image	official_image_transcribed_twice	TRUE	1.4478437366590258	2.252961543581245	1.307966679945133	1.67050015077385	0.12448127250980251	-0.26169188886454114	2.3136301211796697
天津市	2018	15600000	9645	8975	6.18	5.75	natcm_2018_extract_a95	http://www.natcm.gov.cn/2020tjzb/%E5%85%A8%E5%9B%BD%E4%B8%AD%E5%8C%BB%E8%8D%AF%E7%BB%9F%E8%AE%A1%E6%91%98%E7%BC%96/atog/2018/A95.xlsx	A95	15600000	68247	60337	34258	43.74807692307692	38.677564102564105	21.96025641025641	nhc_yearbook_2019_pdf	https://www.nhc.gov.cn/mohwsbwstjxxzx/tjtjnj/202006/456391e2294244c593e871ac254f8aaa.shtml	3-1-3	official_pdf_text_parsed_national_total_verified	120711	11.701154537978644	83.15	12794	1397	10.91918086603095	nbs_yearbook_2019_e0309	3-9	https://www.stats.gov.cn/sj/ndsj/2019/html/E0309.jpg	Per capita gross regional product at current prices; models include wave fixed effects and use the log value.	nbs_yearbook_2019_e0207	2-7	https://www.stats.gov.cn/sj/ndsj/2019/html/E0207.jpg	Proportion of year-end usual-resident population living in urban areas (%).	nbs_yearbook_2019_e0212	2-12	https://www.stats.gov.cn/sj/ndsj/2019/html/E0212.jpg	Province age structure is estimated from the NBS annual population sample survey for the corresponding year; sampling fractions differ across waves, so this variable is reserved for sensitivity adjustment.	manual_double_checked_official_table_image	official_image_transcribed_twice	TRUE	0.23210774956268104	1.8985929456096802	-0.7132704143151882	0.11304395932190094	2.1614866173562914	2.0306785509609386	0.5021586934533806
宁夏回族自治区	2018	6880000	4966	2771	7.22	4.03	natcm_2018_extract_a95	http://www.natcm.gov.cn/2020tjzb/%E5%85%A8%E5%9B%BD%E4%B8%AD%E5%8C%BB%E8%8D%AF%E7%BB%9F%E8%AE%A1%E6%91%98%E7%BC%96/atog/2018/A95.xlsx	A95	6880000	41005	35698	27632	59.600290697674424	51.88662790697674	40.16279069767442	nhc_yearbook_2019_pdf	https://www.nhc.gov.cn/mohwsbwstjxxzx/tjtjnj/202006/456391e2294244c593e871ac254f8aaa.shtml	3-1-3	official_pdf_text_parsed_national_total_verified	54094	10.898478552953948	58.88	5638	507	8.99255054984037	nbs_yearbook_2019_e0309	3-9	https://www.stats.gov.cn/sj/ndsj/2019/html/E0309.jpg	Per capita gross regional product at current prices; models include wave fixed effects and use the log value.	nbs_yearbook_2019_e0207	2-7	https://www.stats.gov.cn/sj/ndsj/2019/html/E0207.jpg	Proportion of year-end usual-resident population living in urban areas (%).	nbs_yearbook_2019_e0212	2-12	https://www.stats.gov.cn/sj/ndsj/2019/html/E0212.jpg	Province age structure is estimated from the NBS annual population sample survey for the corresponding year; sampling fractions differ across waves, so this variable is reserved for sensitivity adjustment.	manual_double_checked_official_table_image	official_image_transcribed_twice	TRUE	0.7940479391538804	0.5735625358029595	2.3111666620012157	1.547724056637385	0.352736274724125	0.22783245327576723	-0.35540739175013036
安徽省	2018	63240000	37568	15199	5.94	2.4	natcm_2018_extract_a95	http://www.natcm.gov.cn/2020tjzb/%E5%85%A8%E5%9B%BD%E4%B8%AD%E5%8C%BB%E8%8D%AF%E7%BB%9F%E8%AE%A1%E6%91%98%E7%BC%96/atog/2018/A95.xlsx	A95	63240000	328123	253595	177059	51.88535736875395	40.100411132194814	27.99794433902593	nhc_yearbook_2019_pdf	https://www.nhc.gov.cn/mohwsbwstjxxzx/tjtjnj/202006/456391e2294244c593e871ac254f8aaa.shtml	3-1-3	official_pdf_text_parsed_national_total_verified	47712	10.772938217564464	54.69	51812	6840	13.201574924727865	nbs_yearbook_2019_e0309	3-9	https://www.stats.gov.cn/sj/ndsj/2019/html/E0309.jpg	Per capita gross regional product at current prices; models include wave fixed effects and use the log value.	nbs_yearbook_2019_e0207	2-7	https://www.stats.gov.cn/sj/ndsj/2019/html/E0207.jpg	Proportion of year-end usual-resident population living in urban areas (%).	nbs_yearbook_2019_e0212	2-12	https://www.stats.gov.cn/sj/ndsj/2019/html/E0212.jpg	Province age structure is estimated from the NBS annual population sample survey for the corresponding year; sampling fractions differ across waves, so this variable is reserved for sensitivity adjustment.	manual_double_checked_official_table_image	official_image_transcribed_twice	TRUE	0.10242924427240463	-0.6821348874441078	0.2899199622919126	0.2675840800421676	0.06984363948115031	-0.08341291752360962	1.5180794548781946
山东省	2018	100470000	66994	42924	6.67	4.27	natcm_2018_extract_a95	http://www.natcm.gov.cn/2020tjzb/%E5%85%A8%E5%9B%BD%E4%B8%AD%E5%8C%BB%E8%8D%AF%E7%BB%9F%E8%AE%A1%E6%91%98%E7%BC%96/atog/2018/A95.xlsx	A95	100470000	608459	460703	321660	60.56126206827909	45.85478252214592	32.01552702299194	nhc_yearbook_2019_pdf	https://www.nhc.gov.cn/mohwsbwstjxxzx/tjtjnj/202006/456391e2294244c593e871ac254f8aaa.shtml	3-1-3	official_pdf_text_parsed_national_total_verified	76267	11.24199562043949	61.18	82408	12495	15.162362877390546	nbs_yearbook_2019_e0309	3-9	https://www.stats.gov.cn/sj/ndsj/2019/html/E0309.jpg	Per capita gross regional product at current prices; models include wave fixed effects and use the log value.	nbs_yearbook_2019_e0207	2-7	https://www.stats.gov.cn/sj/ndsj/2019/html/E0207.jpg	Proportion of year-end usual-resident population living in urban areas (%).	nbs_yearbook_2019_e0212	2-12	https://www.stats.gov.cn/sj/ndsj/2019/html/E0212.jpg	Province age structure is estimated from the NBS annual population sample survey for the corresponding year; sampling fractions differ across waves, so this variable is reserved for sensitivity adjustment.	manual_double_checked_official_table_image	official_image_transcribed_twice	TRUE	0.49686803119699624	0.7584504999620363	0.9574603077564754	0.8925853842955835	1.1268177535606358	0.39868313414415985	2.3908495106322687
山西省	2018	37180000	21044	16587	5.66	4.46	natcm_2018_extract_a95	http://www.natcm.gov.cn/2020tjzb/%E5%85%A8%E5%9B%BD%E4%B8%AD%E5%8C%BB%E8%8D%AF%E7%BB%9F%E8%AE%A1%E6%91%98%E7%BC%96/atog/2018/A95.xlsx	A95	37180000	208305	163584	109641	56.02608929532006	43.997848305540614	29.48924152770307	nhc_yearbook_2019_pdf	https://www.nhc.gov.cn/mohwsbwstjxxzx/tjtjnj/202006/456391e2294244c593e871ac254f8aaa.shtml	3-1-3	official_pdf_text_parsed_national_total_verified	45328	10.721680222070296	58.41	30481	3147	10.324464420458646	nbs_yearbook_2019_e0309	3-9	https://www.stats.gov.cn/sj/ndsj/2019/html/E0309.jpg	Per capita gross regional product at current prices; models include wave fixed effects and use the log value.	nbs_yearbook_2019_e0207	2-7	https://www.stats.gov.cn/sj/ndsj/2019/html/E0207.jpg	Proportion of year-end usual-resident population living in urban areas (%).	nbs_yearbook_2019_e0212	2-12	https://www.stats.gov.cn/sj/ndsj/2019/html/E0212.jpg	Province age structure is estimated from the NBS annual population sample survey for the corresponding year; sampling fractions differ across waves, so this variable is reserved for sensitivity adjustment.	manual_double_checked_official_table_image	official_image_transcribed_twice	TRUE	-0.048862345232918415	0.9048201382546395	0.5377060363639827	0.6908976188312533	-0.045661145316744124	0.19291948805483436	0.2374433249939037
广东省	2018	113460000	56377	43240	4.97	3.81	natcm_2018_extract_a95	http://www.natcm.gov.cn/2020tjzb/%E5%85%A8%E5%9B%BD%E4%B8%AD%E5%8C%BB%E8%8D%AF%E7%BB%9F%E8%AE%A1%E6%91%98%E7%BC%96/atog/2018/A95.xlsx	A95	113460000	516929	416243	289107	45.56046183677067	36.686321170456544	25.480962453728186	nhc_yearbook_2019_pdf	https://www.nhc.gov.cn/mohwsbwstjxxzx/tjtjnj/202006/456391e2294244c593e871ac254f8aaa.shtml	3-1-3	official_pdf_text_parsed_national_total_verified	86412	11.366881834036867	70.7	93024	7687	8.263458892328861	nbs_yearbook_2019_e0309	3-9	https://www.stats.gov.cn/sj/ndsj/2019/html/E0309.jpg	Per capita gross regional product at current prices; models include wave fixed effects and use the log value.	nbs_yearbook_2019_e0207	2-7	https://www.stats.gov.cn/sj/ndsj/2019/html/E0207.jpg	Proportion of year-end usual-resident population living in urban areas (%).	nbs_yearbook_2019_e0212	2-12	https://www.stats.gov.cn/sj/ndsj/2019/html/E0212.jpg	Province age structure is estimated from the NBS annual population sample survey for the corresponding year; sampling fractions differ across waves, so this variable is reserved for sensitivity adjustment.	manual_double_checked_official_table_image	official_image_transcribed_twice	TRUE	-0.42168804794246434	0.4040819019904717	-0.12828847034228164	-0.10323151984267846	1.4082363905307473	1.1058563871298557	-0.6799347664272528
广西壮族自治区	2018	49260000	33418	17042	6.78	3.46	natcm_2018_extract_a95	http://www.natcm.gov.cn/2020tjzb/%E5%85%A8%E5%9B%BD%E4%B8%AD%E5%8C%BB%E8%8D%AF%E7%BB%9F%E8%AE%A1%E6%91%98%E7%BC%96/atog/2018/A95.xlsx	A95	49260000	255940	173207	112523	51.95696305318717	35.16179455948031	22.842671538773853	nhc_yearbook_2019_pdf	https://www.nhc.gov.cn/mohwsbwstjxxzx/tjtjnj/202006/456391e2294244c593e871ac254f8aaa.shtml	3-1-3	official_pdf_text_parsed_national_total_verified	41489	10.633183610843153	50.22	40353	4046	10.026515996332366	nbs_yearbook_2019_e0309	3-9	https://www.stats.gov.cn/sj/ndsj/2019/html/E0309.jpg	Per capita gross regional product at current prices; models include wave fixed effects and use the log value.	nbs_yearbook_2019_e0207	2-7	https://www.stats.gov.cn/sj/ndsj/2019/html/E0207.jpg	Proportion of year-end usual-resident population living in urban areas (%).	nbs_yearbook_2019_e0212	2-12	https://www.stats.gov.cn/sj/ndsj/2019/html/E0212.jpg	Province age structure is estimated from the NBS annual population sample survey for the corresponding year; sampling fractions differ across waves, so this variable is reserved for sensitivity adjustment.	manual_double_checked_official_table_image	official_image_transcribed_twice	TRUE	0.5563040127883733	0.1344536209251505	-0.5666529714223378	-0.2688153961098794	-0.24507943970355756	-0.41545750164609474	0.10482293512287932
新疆维吾尔自治区	2018	24870000	20573	8858	8.27	3.56	natcm_2018_extract_a95	http://www.natcm.gov.cn/2020tjzb/%E5%85%A8%E5%9B%BD%E4%B8%AD%E5%8C%BB%E8%8D%AF%E7%BB%9F%E8%AE%A1%E6%91%98%E7%BC%96/atog/2018/A95.xlsx	A95	24870000	178881	141848	98424	71.9264173703257	57.035786087655815	39.575392038600725	nhc_yearbook_2019_pdf	https://www.nhc.gov.cn/mohwsbwstjxxzx/tjtjnj/202006/456391e2294244c593e871ac254f8aaa.shtml	3-1-3	official_pdf_text_parsed_national_total_verified	49475	10.809222770470766	50.91	20375	1458	7.155828220858895	nbs_yearbook_2019_e0309	3-9	https://www.stats.gov.cn/sj/ndsj/2019/html/E0309.jpg	Per capita gross regional product at current prices; models include wave fixed effects and use the log value.	nbs_yearbook_2019_e0207	2-7	https://www.stats.gov.cn/sj/ndsj/2019/html/E0207.jpg	Proportion of year-end usual-resident population living in urban areas (%).	nbs_yearbook_2019_e0212	2-12	https://www.stats.gov.cn/sj/ndsj/2019/html/E0212.jpg	Province age structure is estimated from the NBS annual population sample survey for the corresponding year; sampling fractions differ across waves, so this variable is reserved for sensitivity adjustment.	manual_double_checked_official_table_image	official_image_transcribed_twice	TRUE	1.3613913997988412	0.21149027265809947	2.21356759941854	2.1069911530141647	0.15160726356604184	-0.3642022973855771	-1.1729543617287288
江苏省	2018	80510000	54907	29070	6.82	3.61	natcm_2018_extract_a95	http://www.natcm.gov.cn/2020tjzb/%E5%85%A8%E5%9B%BD%E4%B8%AD%E5%8C%BB%E8%8D%AF%E7%BB%9F%E8%AE%A1%E6%91%98%E7%BC%96/atog/2018/A95.xlsx	A95	80510000	491512	387981	233231	61.04980747733201	48.19041112905229	28.969196373121353	nhc_yearbook_2019_pdf	https://www.nhc.gov.cn/mohwsbwstjxxzx/tjtjnj/202006/456391e2294244c593e871ac254f8aaa.shtml	3-1-3	official_pdf_text_parsed_national_total_verified	115168	11.654147210878758	69.61	65996	9435	14.296320989150855	nbs_yearbook_2019_e0309	3-9	https://www.stats.gov.cn/sj/ndsj/2019/html/E0309.jpg	Per capita gross regional product at current prices; models include wave fixed effects and use the log value.	nbs_yearbook_2019_e0207	2-7	https://www.stats.gov.cn/sj/ndsj/2019/html/E0207.jpg	Proportion of year-end usual-resident population living in urban areas (%).	nbs_yearbook_2019_e0212	2-12	https://www.stats.gov.cn/sj/ndsj/2019/html/E0212.jpg	Province age structure is estimated from the NBS annual population sample survey for the corresponding year; sampling fractions differ across waves, so this variable is reserved for sensitivity adjustment.	manual_double_checked_official_table_image	official_image_transcribed_twice	TRUE	0.5779170970034194	0.2500085985245738	0.4512980767886602	1.1462657303568895	2.0555602901901375	1.0248880209791822	2.0053639582256997
江西省	2018	46480000	31389	13066	6.75	2.81	natcm_2018_extract_a95	http://www.natcm.gov.cn/2020tjzb/%E5%85%A8%E5%9B%BD%E4%B8%AD%E5%8C%BB%E8%8D%AF%E7%BB%9F%E8%AE%A1%E6%91%98%E7%BC%96/atog/2018/A95.xlsx	A95	46480000	249490	172843	117398	53.67685025817556	37.186531841652325	25.25774526678141	nhc_yearbook_2019_pdf	https://www.nhc.gov.cn/mohwsbwstjxxzx/tjtjnj/202006/456391e2294244c593e871ac254f8aaa.shtml	3-1-3	official_pdf_text_parsed_national_total_verified	47434	10.76709455012484	56.02	38080	3707	9.734768907563025	nbs_yearbook_2019_e0309	3-9	https://www.stats.gov.cn/sj/ndsj/2019/html/E0309.jpg	Per capita gross regional product at current prices; models include wave fixed effects and use the log value.	nbs_yearbook_2019_e0207	2-7	https://www.stats.gov.cn/sj/ndsj/2019/html/E0207.jpg	Proportion of year-end usual-resident population living in urban areas (%).	nbs_yearbook_2019_e0212	2-12	https://www.stats.gov.cn/sj/ndsj/2019/html/E0212.jpg	Province age structure is estimated from the NBS annual population sample survey for the corresponding year; sampling fractions differ across waves, so this variable is reserved for sensitivity adjustment.	manual_double_checked_official_table_image	official_image_transcribed_twice	TRUE	0.5400941996270886	-0.36628461533901724	-0.16537706062388483	-0.048901984831297124	0.056675517248960625	0.01538334576115707	-0.02503716657018273
河北省	2018	75560000	51351	34088	6.8	4.51	natcm_2018_extract_a95	http://www.natcm.gov.cn/2020tjzb/%E5%85%A8%E5%9B%BD%E4%B8%AD%E5%8C%BB%E8%8D%AF%E7%BB%9F%E8%AE%A1%E6%91%98%E7%BC%96/atog/2018/A95.xlsx	A95	75560000	421916	320739	232737	55.838538909475915	42.448253043938585	30.80161461090524	nhc_yearbook_2019_pdf	https://www.nhc.gov.cn/mohwsbwstjxxzx/tjtjnj/202006/456391e2294244c593e871ac254f8aaa.shtml	3-1-3	official_pdf_text_parsed_national_total_verified	47772	10.774194972788315	56.43	61907	7854	12.686772093624308	nbs_yearbook_2019_e0309	3-9	https://www.stats.gov.cn/sj/ndsj/2019/html/E0309.jpg	Per capita gross regional product at current prices; models include wave fixed effects and use the log value.	nbs_yearbook_2019_e0207	2-7	https://www.stats.gov.cn/sj/ndsj/2019/html/E0207.jpg	Proportion of year-end usual-resident population living in urban areas (%).	nbs_yearbook_2019_e0212	2-12	https://www.stats.gov.cn/sj/ndsj/2019/html/E0212.jpg	Province age structure is estimated from the NBS annual population sample survey for the corresponding year; sampling fractions differ across waves, so this variable is reserved for sensitivity adjustment.	manual_double_checked_official_table_image	official_image_transcribed_twice	TRUE	0.5671105548958961	0.9433384641211138	0.7557630249196868	0.5225909535267724	0.0726756121378078	0.04583933669856597	1.2889345873801732
河南省	2018	96050000	74080	37872	7.71	3.94	natcm_2018_extract_a95	http://www.natcm.gov.cn/2020tjzb/%E5%85%A8%E5%9B%BD%E4%B8%AD%E5%8C%BB%E8%8D%AF%E7%BB%9F%E8%AE%A1%E6%91%98%E7%BC%96/atog/2018/A95.xlsx	A95	96050000	608519	455677	326630	63.3543987506507	47.4416449765747	34.006246746486205	nhc_yearbook_2019_pdf	https://www.nhc.gov.cn/mohwsbwstjxxzx/tjtjnj/202006/456391e2294244c593e871ac254f8aaa.shtml	3-1-3	official_pdf_text_parsed_national_total_verified	50152	10.822813672953805	51.71	78679	8698	11.055046454581271	nbs_yearbook_2019_e0309	3-9	https://www.stats.gov.cn/sj/ndsj/2019/html/E0309.jpg	Per capita gross regional product at current prices; models include wave fixed effects and use the log value.	nbs_yearbook_2019_e0207	2-7	https://www.stats.gov.cn/sj/ndsj/2019/html/E0207.jpg	Proportion of year-end usual-resident population living in urban areas (%).	nbs_yearbook_2019_e0212	2-12	https://www.stats.gov.cn/sj/ndsj/2019/html/E0212.jpg	Province age structure is estimated from the NBS annual population sample survey for the corresponding year; sampling fractions differ across waves, so this variable is reserved for sensitivity adjustment.	manual_double_checked_official_table_image	official_image_transcribed_twice	TRUE	1.0588082207881957	0.5042295492433052	1.28822779569095	1.0649397626418853	0.18223300792803312	-0.3047759736052662	0.562634084039648
浙江省	2018	57370000	47924	28858	8.35	5.03	natcm_2018_extract_a95	http://www.natcm.gov.cn/2020tjzb/%E5%85%A8%E5%9B%BD%E4%B8%AD%E5%8C%BB%E8%8D%AF%E7%BB%9F%E8%AE%A1%E6%91%98%E7%BC%96/atog/2018/A95.xlsx	A95	57370000	332086	293690	178012	57.88495729475336	51.19226076346522	31.02876067631166	nhc_yearbook_2019_pdf	https://www.nhc.gov.cn/mohwsbwstjxxzx/tjtjnj/202006/456391e2294244c593e871ac254f8aaa.shtml	3-1-3	official_pdf_text_parsed_national_total_verified	98643	11.499262551001046	68.9	47034	6108	12.986350299783137	nbs_yearbook_2019_e0309	3-9	https://www.stats.gov.cn/sj/ndsj/2019/html/E0309.jpg	Per capita gross regional product at current prices; models include wave fixed effects and use the log value.	nbs_yearbook_2019_e0207	2-7	https://www.stats.gov.cn/sj/ndsj/2019/html/E0207.jpg	Proportion of year-end usual-resident population living in urban areas (%).	nbs_yearbook_2019_e0212	2-12	https://www.stats.gov.cn/sj/ndsj/2019/html/E0212.jpg	Province age structure is estimated from the NBS annual population sample survey for the corresponding year; sampling fractions differ across waves, so this variable is reserved for sensitivity adjustment.	manual_double_checked_official_table_image	official_image_transcribed_twice	TRUE	1.4046175682289335	1.3439290531324484	0.793504416920768	1.472306545163711	1.706543143983054	0.9721471586241571	1.4222804126321538
海南省	2018	9340000	4359	2334	4.67	2.5	natcm_2018_extract_a95	http://www.natcm.gov.cn/2020tjzb/%E5%85%A8%E5%9B%BD%E4%B8%AD%E5%8C%BB%E8%8D%AF%E7%BB%9F%E8%AE%A1%E6%91%98%E7%BC%96/atog/2018/A95.xlsx	A95	9340000	44800	35863	26612	47.96573875802998	38.397216274089935	28.492505353319057	nhc_yearbook_2019_pdf	https://www.nhc.gov.cn/mohwsbwstjxxzx/tjtjnj/202006/456391e2294244c593e871ac254f8aaa.shtml	3-1-3	official_pdf_text_parsed_national_total_verified	51955	10.858133238286747	59.06	7658	629	8.21363280229825	nbs_yearbook_2019_e0309	3-9	https://www.stats.gov.cn/sj/ndsj/2019/html/E0309.jpg	Per capita gross regional product at current prices; models include wave fixed effects and use the log value.	nbs_yearbook_2019_e0207	2-7	https://www.stats.gov.cn/sj/ndsj/2019/html/E0207.jpg	Proportion of year-end usual-resident population living in urban areas (%).	nbs_yearbook_2019_e0212	2-12	https://www.stats.gov.cn/sj/ndsj/2019/html/E0212.jpg	Province age structure is estimated from the NBS annual population sample survey for the corresponding year; sampling fractions differ across waves, so this variable is reserved for sensitivity adjustment.	manual_double_checked_official_table_image	official_image_transcribed_twice	TRUE	-0.5837861795553102	-0.6050982357111588	0.37209361154924075	0.082594454664111	0.26182212868092763	0.2412033761263371	-0.7021129521484426
湖北省	2018	59170000	47696	18586	8.06	3.14	natcm_2018_extract_a95	http://www.natcm.gov.cn/2020tjzb/%E5%85%A8%E5%9B%BD%E4%B8%AD%E5%8C%BB%E8%8D%AF%E7%BB%9F%E8%AE%A1%E6%91%98%E7%BC%96/atog/2018/A95.xlsx	A95	59170000	393514	281455	198116	66.50566165286463	47.56717931384147	33.48250802771675	nhc_yearbook_2019_pdf	https://www.nhc.gov.cn/mohwsbwstjxxzx/tjtjnj/202006/456391e2294244c593e871ac254f8aaa.shtml	3-1-3	official_pdf_text_parsed_national_total_verified	66616	11.106700067915655	60.3	48498	6059	12.493298692729596	nbs_yearbook_2019_e0309	3-9	https://www.stats.gov.cn/sj/ndsj/2019/html/E0309.jpg	Per capita gross regional product at current prices; models include wave fixed effects and use the log value.	nbs_yearbook_2019_e0207	2-7	https://www.stats.gov.cn/sj/ndsj/2019/html/E0207.jpg	Proportion of year-end usual-resident population living in urban areas (%).	nbs_yearbook_2019_e0212	2-12	https://www.stats.gov.cn/sj/ndsj/2019/html/E0212.jpg	Province age structure is estimated from the NBS annual population sample survey for the corresponding year; sampling fractions differ across waves, so this variable is reserved for sensitivity adjustment.	manual_double_checked_official_table_image	official_image_transcribed_twice	TRUE	1.2479227076698496	-0.11206366462028583	1.2012061329742532	1.0785744621083349	0.8219427086487541	0.3333141779858181	1.2028172738499134
湖南省	2018	68990000	60393	27299	8.75	3.96	natcm_2018_extract_a95	http://www.natcm.gov.cn/2020tjzb/%E5%85%A8%E5%9B%BD%E4%B8%AD%E5%8C%BB%E8%8D%AF%E7%BB%9F%E8%AE%A1%E6%91%98%E7%BC%96/atog/2018/A95.xlsx	A95	68990000	482439	346350	225670	69.92883026525583	50.202927960573994	32.71053775909552	nhc_yearbook_2019_pdf	https://www.nhc.gov.cn/mohwsbwstjxxzx/tjtjnj/202006/456391e2294244c593e871ac254f8aaa.shtml	3-1-3	official_pdf_text_parsed_national_total_verified	52949	10.877084465109949	56.02	56516	7057	12.486729421756673	nbs_yearbook_2019_e0309	3-9	https://www.stats.gov.cn/sj/ndsj/2019/html/E0309.jpg	Per capita gross regional product at current prices; models include wave fixed effects and use the log value.	nbs_yearbook_2019_e0207	2-7	https://www.stats.gov.cn/sj/ndsj/2019/html/E0207.jpg	Proportion of year-end usual-resident population living in urban areas (%).	nbs_yearbook_2019_e0212	2-12	https://www.stats.gov.cn/sj/ndsj/2019/html/E0212.jpg	Province age structure is estimated from the NBS annual population sample survey for the corresponding year; sampling fractions differ across waves, so this variable is reserved for sensitivity adjustment.	manual_double_checked_official_table_image	official_image_transcribed_twice	TRUE	1.620748410379395	0.519636879589895	1.0729396253898773	1.3648518380818035	0.3045268297673953	0.01538334576115707	1.1998932131499709
甘肃省	2018	26370000	28906	14267	10.96	5.41	natcm_2018_extract_a95	http://www.natcm.gov.cn/2020tjzb/%E5%85%A8%E5%9B%BD%E4%B8%AD%E5%8C%BB%E8%8D%AF%E7%BB%9F%E8%AE%A1%E6%91%98%E7%BC%96/atog/2018/A95.xlsx	A95	26370000	162737	126147	86969	61.712931361395526	47.83731513083048	32.980280621918844	nhc_yearbook_2019_pdf	https://www.nhc.gov.cn/mohwsbwstjxxzx/tjtjnj/202006/456391e2294244c593e871ac254f8aaa.shtml	3-1-3	official_pdf_text_parsed_national_total_verified	31336	10.352522875345668	47.69	21614	2446	11.316739150550568	nbs_yearbook_2019_e0309	3-9	https://www.stats.gov.cn/sj/ndsj/2019/html/E0309.jpg	Per capita gross regional product at current prices; models include wave fixed effects and use the log value.	nbs_yearbook_2019_e0207	2-7	https://www.stats.gov.cn/sj/ndsj/2019/html/E0207.jpg	Proportion of year-end usual-resident population living in urban areas (%).	nbs_yearbook_2019_e0212	2-12	https://www.stats.gov.cn/sj/ndsj/2019/html/E0212.jpg	Province age structure is estimated from the NBS annual population sample survey for the corresponding year; sampling fractions differ across waves, so this variable is reserved for sensitivity adjustment.	manual_double_checked_official_table_image	official_image_transcribed_twice	TRUE	2.8148713132606944	1.636668329717654	1.1177586765457648	1.1079148064313538	-0.8775204382701862	-0.603393250601327	0.6791166177789036
福建省	2018	39410000	22117	16100	5.61	4.09	natcm_2018_extract_a95	http://www.natcm.gov.cn/2020tjzb/%E5%85%A8%E5%9B%BD%E4%B8%AD%E5%8C%BB%E8%8D%AF%E7%BB%9F%E8%AE%A1%E6%91%98%E7%BC%96/atog/2018/A95.xlsx	A95	39410000	192473	148012	98517	48.838619639685355	37.55696523724943	24.997970058360824	nhc_yearbook_2019_pdf	https://www.nhc.gov.cn/mohwsbwstjxxzx/tjtjnj/202006/456391e2294244c593e871ac254f8aaa.shtml	3-1-3	official_pdf_text_parsed_national_total_verified	91197	11.420777280784536	65.82	32309	3065	9.486520783682566	nbs_yearbook_2019_e0309	3-9	https://www.stats.gov.cn/sj/ndsj/2019/html/E0309.jpg	Per capita gross regional product at current prices; models include wave fixed effects and use the log value.	nbs_yearbook_2019_e0207	2-7	https://www.stats.gov.cn/sj/ndsj/2019/html/E0207.jpg	Proportion of year-end usual-resident population living in urban areas (%).	nbs_yearbook_2019_e0212	2-12	https://www.stats.gov.cn/sj/ndsj/2019/html/E0212.jpg	Province age structure is estimated from the NBS annual population sample survey for the corresponding year; sampling fractions differ across waves, so this variable is reserved for sensitivity adjustment.	manual_double_checked_official_table_image	official_image_transcribed_twice	TRUE	-0.07587870050172597	0.6197845268427284	-0.2085399389049665	-0.008667988848431174	1.5296844088966646	0.7433558120699606	-0.13553536125042354
西藏自治区	2018	3440000	2327	2168	6.76	6.3	natcm_2018_extract_a95	http://www.natcm.gov.cn/2020tjzb/%E5%85%A8%E5%9B%BD%E4%B8%AD%E5%8C%BB%E8%8D%AF%E7%BB%9F%E8%AE%A1%E6%91%98%E7%BC%96/atog/2018/A95.xlsx	A95	3440000	16787	12604	9552	48.799418604651166	36.63953488372093	27.76744186046512	nhc_yearbook_2019_pdf	https://www.nhc.gov.cn/mohwsbwstjxxzx/tjtjnj/202006/456391e2294244c593e871ac254f8aaa.shtml	3-1-3	official_pdf_text_parsed_national_total_verified	43398	10.678168636077336	31.14	2817	160	5.679801206957757	nbs_yearbook_2019_e0309	3-9	https://www.stats.gov.cn/sj/ndsj/2019/html/E0309.jpg	Per capita gross regional product at current prices; models include wave fixed effects and use the log value.	nbs_yearbook_2019_e0207	2-7	https://www.stats.gov.cn/sj/ndsj/2019/html/E0207.jpg	Proportion of year-end usual-resident population living in urban areas (%).	nbs_yearbook_2019_e0212	2-12	https://www.stats.gov.cn/sj/ndsj/2019/html/E0212.jpg	Province age structure is estimated from the NBS annual population sample survey for the corresponding year; sampling fractions differ across waves, so this variable is reserved for sensitivity adjustment.	manual_double_checked_official_table_image	official_image_transcribed_twice	TRUE	0.54549747068085	2.322294530140899	0.25162088638664015	-0.10831313315008505	-0.1437101682619282	-1.8327753238065012	-1.8299515538359334
贵州省	2018	36000000	25431	12086	7.06	3.36	natcm_2018_extract_a95	http://www.natcm.gov.cn/2020tjzb/%E5%85%A8%E5%9B%BD%E4%B8%AD%E5%8C%BB%E8%8D%AF%E7%BB%9F%E8%AE%A1%E6%91%98%E7%BC%96/atog/2018/A95.xlsx	A95	36000000	245639	189167	133123	68.23305555555555	52.546388888888885	36.97861111111111	nhc_yearbook_2019_pdf	https://www.nhc.gov.cn/mohwsbwstjxxzx/tjtjnj/202006/456391e2294244c593e871ac254f8aaa.shtml	3-1-3	official_pdf_text_parsed_national_total_verified	41244	10.627260926637836	47.52	29487	3344	11.340590768813376	nbs_yearbook_2019_e0309	3-9	https://www.stats.gov.cn/sj/ndsj/2019/html/E0309.jpg	Per capita gross regional product at current prices; models include wave fixed effects and use the log value.	nbs_yearbook_2019_e0207	2-7	https://www.stats.gov.cn/sj/ndsj/2019/html/E0207.jpg	Proportion of year-end usual-resident population living in urban areas (%).	nbs_yearbook_2019_e0212	2-12	https://www.stats.gov.cn/sj/ndsj/2019/html/E0212.jpg	Province age structure is estimated from the NBS annual population sample survey for the corresponding year; sampling fractions differ across waves, so this variable is reserved for sensitivity adjustment.	manual_double_checked_official_table_image	official_image_transcribed_twice	TRUE	0.7075956022936959	0.05741696919220155	1.7821001788847068	1.6193828784698958	-0.25842561834292294	-0.6160213444046425	0.689733256958468
辽宁省	2018	43590000	32103	15998	7.36	3.67	natcm_2018_extract_a95	http://www.natcm.gov.cn/2020tjzb/%E5%85%A8%E5%9B%BD%E4%B8%AD%E5%8C%BB%E8%8D%AF%E7%BB%9F%E8%AE%A1%E6%91%98%E7%BC%96/atog/2018/A95.xlsx	A95	43590000	314440	265968	176886	72.13581096581784	61.015829318651065	40.57949070887818	nhc_yearbook_2019_pdf	https://www.nhc.gov.cn/mohwsbwstjxxzx/tjtjnj/202006/456391e2294244c593e871ac254f8aaa.shtml	3-1-3	official_pdf_text_parsed_national_total_verified	58008	10.968336211051428	68.1	35744	5353	14.975940017905105	nbs_yearbook_2019_e0309	3-9	https://www.stats.gov.cn/sj/ndsj/2019/html/E0309.jpg	Per capita gross regional product at current prices; models include wave fixed effects and use the log value.	nbs_yearbook_2019_e0207	2-7	https://www.stats.gov.cn/sj/ndsj/2019/html/E0207.jpg	Proportion of year-end usual-resident population living in urban areas (%).	nbs_yearbook_2019_e0212	2-12	https://www.stats.gov.cn/sj/ndsj/2019/html/E0212.jpg	Province age structure is estimated from the NBS annual population sample survey for the corresponding year; sampling fractions differ across waves, so this variable is reserved for sensitivity adjustment.	manual_double_checked_official_table_image	official_image_transcribed_twice	TRUE	0.8696937339065423	0.29623058956434317	2.380403337712755	2.5392768088724234	0.5101535456736342	0.9127208348438457	2.3078704770014284
重庆市	2018	31020000	31880	16578	10.28	5.34	natcm_2018_extract_a95	http://www.natcm.gov.cn/2020tjzb/%E5%85%A8%E5%9B%BD%E4%B8%AD%E5%8C%BB%E8%8D%AF%E7%BB%9F%E8%AE%A1%E6%91%98%E7%BC%96/atog/2018/A95.xlsx	A95	31020000	220104	162147	102025	70.95551257253385	52.27176015473888	32.89007092198582	nhc_yearbook_2019_pdf	https://www.nhc.gov.cn/mohwsbwstjxxzx/tjtjnj/202006/456391e2294244c593e871ac254f8aaa.shtml	3-1-3	official_pdf_text_parsed_national_total_verified	65933	11.09639435387813	65.5	25416	3678	14.471199244570348	nbs_yearbook_2019_e0309	3-9	https://www.stats.gov.cn/sj/ndsj/2019/html/E0309.jpg	Per capita gross regional product at current prices; models include wave fixed effects and use the log value.	nbs_yearbook_2019_e0207	2-7	https://www.stats.gov.cn/sj/ndsj/2019/html/E0207.jpg	Proportion of year-end usual-resident population living in urban areas (%).	nbs_yearbook_2019_e0212	2-12	https://www.stats.gov.cn/sj/ndsj/2019/html/E0212.jpg	Province age structure is estimated from the NBS annual population sample survey for the corresponding year; sampling fractions differ across waves, so this variable is reserved for sensitivity adjustment.	manual_double_checked_official_table_image	official_image_transcribed_twice	TRUE	2.447448881604909	1.5827426735045897	1.1027699086735123	1.589554543557596	0.7987198090675878	0.7195852825578368	2.0832043511786362
陕西省	2018	38640000	33895	14872	8.77	3.85	natcm_2018_extract_a95	http://www.natcm.gov.cn/2020tjzb/%E5%85%A8%E5%9B%BD%E4%B8%AD%E5%8C%BB%E8%8D%AF%E7%BB%9F%E8%AE%A1%E6%91%98%E7%BC%96/atog/2018/A95.xlsx	A95	38640000	253711	204359	147566	65.6601966873706	52.887939958592135	38.189958592132506	nhc_yearbook_2019_pdf	https://www.nhc.gov.cn/mohwsbwstjxxzx/tjtjnj/202006/456391e2294244c593e871ac254f8aaa.shtml	3-1-3	official_pdf_text_parsed_national_total_verified	63477	11.0584329145444	58.13	31684	3536	11.16020704456508	nbs_yearbook_2019_e0309	3-9	https://www.stats.gov.cn/sj/ndsj/2019/html/E0309.jpg	Per capita gross regional product at current prices; models include wave fixed effects and use the log value.	nbs_yearbook_2019_e0207	2-7	https://www.stats.gov.cn/sj/ndsj/2019/html/E0207.jpg	Proportion of year-end usual-resident population living in urban areas (%).	nbs_yearbook_2019_e0212	2-12	https://www.stats.gov.cn/sj/ndsj/2019/html/E0212.jpg	Province age structure is estimated from the NBS annual population sample survey for the corresponding year; sampling fractions differ across waves, so this variable is reserved for sensitivity adjustment.	manual_double_checked_official_table_image	official_image_transcribed_twice	TRUE	1.631554952486918	0.4348965626836513	1.9833712863060504	1.656479869534196	0.7131774885263993	0.17212027473172611	0.609442314301704
青海省	2018	6030000	6168	3077	10.23	5.1	natcm_2018_extract_a95	http://www.natcm.gov.cn/2020tjzb/%E5%85%A8%E5%9B%BD%E4%B8%AD%E5%8C%BB%E8%8D%AF%E7%BB%9F%E8%AE%A1%E6%91%98%E7%BC%96/atog/2018/A95.xlsx	A95	6030000	39146	32521	22382	64.91873963515755	53.93200663349917	37.117744610281925	nhc_yearbook_2019_pdf	https://www.nhc.gov.cn/mohwsbwstjxxzx/tjtjnj/202006/456391e2294244c593e871ac254f8aaa.shtml	3-1-3	official_pdf_text_parsed_national_total_verified	47689	10.77245604231587	54.47	4945	375	7.583417593528817	nbs_yearbook_2019_e0309	3-9	https://www.stats.gov.cn/sj/ndsj/2019/html/E0309.jpg	Per capita gross regional product at current prices; models include wave fixed effects and use the log value.	nbs_yearbook_2019_e0207	2-7	https://www.stats.gov.cn/sj/ndsj/2019/html/E0207.jpg	Proportion of year-end usual-resident population living in urban areas (%).	nbs_yearbook_2019_e0212	2-12	https://www.stats.gov.cn/sj/ndsj/2019/html/E0212.jpg	Province age structure is estimated from the NBS annual population sample survey for the corresponding year; sampling fractions differ across waves, so this variable is reserved for sensitivity adjustment.	manual_double_checked_official_table_image	official_image_transcribed_twice	TRUE	2.420432526336102	1.397854709345512	1.8052178671585164	1.7698794034405347	0.0687571056089844	-0.09975515656319493	-0.9826292426263792
黑龙江省	2018	37730000	28486	11803	7.55	3.13	natcm_2018_extract_a95	http://www.natcm.gov.cn/2020tjzb/%E5%85%A8%E5%9B%BD%E4%B8%AD%E5%8C%BB%E8%8D%AF%E7%BB%9F%E8%AE%A1%E6%91%98%E7%BC%96/atog/2018/A95.xlsx	A95	37730000	250129	209578	147390	66.29446064139941	55.54677975086138	39.06440498277232	nhc_yearbook_2019_pdf	https://www.nhc.gov.cn/mohwsbwstjxxzx/tjtjnj/202006/456391e2294244c593e871ac254f8aaa.shtml	3-1-3	official_pdf_text_parsed_national_total_verified	43274	10.675307271747377	60.1	30946	3780	12.214825825631744	nbs_yearbook_2019_e0309	3-9	https://www.stats.gov.cn/sj/ndsj/2019/html/E0309.jpg	Per capita gross regional product at current prices; models include wave fixed effects and use the log value.	nbs_yearbook_2019_e0207	2-7	https://www.stats.gov.cn/sj/ndsj/2019/html/E0207.jpg	Proportion of year-end usual-resident population living in urban areas (%).	nbs_yearbook_2019_e0212	2-12	https://www.stats.gov.cn/sj/ndsj/2019/html/E0212.jpg	Province age structure is estimated from the NBS annual population sample survey for the corresponding year; sampling fractions differ across waves, so this variable is reserved for sensitivity adjustment.	manual_double_checked_official_table_image	official_image_transcribed_twice	TRUE	0.9723558839280111	-0.11976732979358089	2.128664685749346	1.9452652511783382	-0.15015796763398756	0.3184575970407407	1.0788656862175303
